0,0.0013281,0.00045972,0.001986,0.022615,0.0017871,0.018091,0.0094713,0.00097116,0.0010307,0.001801,0.016983,0.03182,0.00070983,0.25545,0.0020609,0.0010131,0.012798,0.038429,0.00083498,0.00066568,0.0015541,0.0008672,0.00077055,0.0035776,0.0024156,0.007059,0.0013361,0.0018902,0.0017143,0.016382,0.0028174,0.00058288,0.00061083,0.00062049,0.00076493,0.0012552,0.0015623,0.0031109,0.0025142,0.00075246,0.0030451,0.00041986,0.01081,0.00050063,0.0013956,0.0029458,0.0054998,0.00049926,0.0070549,0.010562,0.0041628,0.0030998,0.01543,0.00082626,0.010199,0.019079,0.00063433,0.0017042,0.0013689,0.001057,0.00040343,0.0012988,0.00073389,0.00083321,0.00054522,0.00038204,0.0023933,0.0013609,0.020496,0.0044543,0.00078788,0.0065627,0.00059824,0.001394,0.0028559,0.014521,0.01717,0.0008157,0.0010951,0.003087,0.0023968,0.0099098,0.014484,0.0013999,0.00070713,0.00096139,0.013666,0.258,0.026279,0.017647
0.00061673,0,0.00027196,0.00026785,0.00040456,0.00029207,0.00060453,0.00059156,0.00013294,0.0074431,0.0067875,0.00058699,0.00045114,0.00045465,0.00054954,0.000298,0.02905,0.00071761,0.00052458,0.0017155,0.0011717,0.00025636,0.001026,0.0019642,0.00026749,0.00036973,0.00030012,0.00022267,0.0003054,0.00030168,0.00065563,0.00027331,0.00089994,0.00010954,0.00096716,0.00016176,0.00014987,0.00030898,0.00025026,0.00030022,0.00098098,0.00024662,0.00011092,0.0003448,9.8933e-05,0.00017114,0.0004293,0.00035968,0.00068348,0.00066852,0.00051894,0.00068441,0.00030473,0.00042922,0.00014689,0.00053848,0.00059755,0.0010459,0.000285,0.00024891,0.00013733,0.00037668,0.00015371,0.001316,0.0038263,0.00011828,0.00018036,0.00040493,0.033701,0.00039508,0.0007583,0.00014821,0.00081705,0.00094652,0.00023682,0.0002421,0.00043001,0.00062513,0.0001313,0.0014666,0.00032966,0.00023986,0.00035437,0.00036512,0.87733,0.0005299,0.0014362,0.00056561,0.00054821,0.00049009,0.00047817
0.0061927,0.007889,0,0.0042802,0.0070418,0.0038811,0.004615,0.0041688,0.013361,0.0063737,0.0054895,0.0088587,0.0056225,0.0041715,0.0059629,0.003939,0.0084643,0.0044085,0.0052102,0.0052054,0.0055605,0.0042166,0.0043659,0.0057748,0.0053323,0.0035139,0.0069499,0.0046857,0.0037913,0.0037585,0.0045452,0.0046874,0.0057889,0.019791,0.0055692,0.037354,0.010129,0.0036488,0.0055136,0.0041267,0.0047417,0.0055864,0.017132,0.0076254,0.015297,0.014682,0.0034225,0.011293,0.0062364,0.0039369,0.0098789,0.0035103,0.014372,0.0085248,0.025491,0.0042775,0.0046527,0.0056003,0.0039226,0.0042471,0.01156,0.19479,0.008944,0.0052992,0.0065456,0.027514,0.13132,0.0033296,0.0067048,0.0069933,0.003617,0.028414,0.0039835,0.005736,0.0044484,0.0055586,0.005009,0.0045746,0.019422,0.0042964,0.0040593,0.0051619,0.008453,0.0070532,0.0078207,0.0042563,0.004539,0.0092833,0.0059822,0.0080393,0.0086292
0.0015772,0.00045808,0.00025235,0,0.0018583,0.077205,0.0027707,0.0034463,0.0013383,0.00053146,0.00070505,0.0009609,0.0026863,0.0014833,0.0018761,0.13853,0.00040891,0.0024162,0.0026085,0.00068601,0.00064657,0.083529,0.00094797,0.00059276,0.01127,0.019664,0.0027678,0.030596,0.060972,0.041894,0.0025638,0.039801,0.00063941,0.00084048,0.00066385,0.00057318,0.0020584,0.022677,0.011206,0.10973,0.00083501,0.010692,0.00076559,0.0018768,0.00093287,0.0011365,0.01035,0.00098009,0.00062072,0.0030921,0.00090512,0.0032547,0.0008395,0.0012606,0.00072276,0.0038682,0.0027712,0.00065059,0.073342,0.034904,0.0016448,0.00019348,0.0026563,0.00068133,0.0005064,0.00065654,0.00033759,0.012156,0.00053071,0.0019336,0.0027615,0.00067291,0.0023571,0.00064101,0.042056,0.011778,0.003965,0.0026934,0.00089566,0.0009447,0.034514,0.024851,0.0015056,0.0020759,0.00046714,0.0012625,0.00085667,0.00092665,0.0018691,0.0012427,0.0011407
0.0043212,0.00016647,9.9888e-05,0.00044711,0,0.00036681,0.0015197,0.0010291,0.00029404,0.00013383,0.00020971,0.0026439,0.0069685,0.00011736,0.0061304,0.00042895,0.00013319,0.0010394,0.003315,0.00011543,9.6044e-05,0.00033859,0.00012444,0.00010664,0.0011158,0.00043913,0.0055893,0.00030784,0.00038005,0.000342,0.0012962,0.00071381,8.6567e-05,0.00016709,9.1336e-05,0.00021003,0.00040039,0.00030336,0.00098421,0.00054626,0.00010961,0.00097385,0.00010602,0.021593,0.00012989,0.00046904,0.00048773,0.0022531,7.6667e-05,0.00075755,0.002377,0.00050856,0.0010906,0.0094704,0.00023716,0.0012121,0.0015943,9.2612e-05,0.00035246,0.00029533,0.00032435,7.8851e-05,0.00040794,0.00010433,0.00011232,0.00014569,9.1185e-05,0.0004101,0.0001679,0.81117,0.00051171,0.00022263,0.00064564,8.8339e-05,0.00031181,0.00089208,0.0028404,0.001409,0.00023712,0.00014825,0.00064379,0.00066329,0.011701,0.056084,0.0001738,0.00011316,0.00013246,0.0024584,0.0062816,0.0083124,0.0058098
0.00030586,0.00010764,4.931e-05,0.016638,0.00032854,0,0.0005687,0.00074494,0.0002313,0.00013108,0.00017091,0.00018393,0.00048422,0.00042762,0.00035629,0.057961,9.7408e-05,0.00052526,0.00049695,0.00017796,0.0001684,0.023401,0.00025655,0.00015173,0.0013403,0.0079859,0.0004433,0.0050528,0.20616,0.13017,0.00053962,0.00321,0.00016676,0.00015658,0.00017371,0.00010567,0.00033468,0.022837,0.0012957,0.0099833,0.0002235,0.0012463,0.00015414,0.00032144,0.00018177,0.00019516,0.003166,0.0001771,0.00016108,0.00071434,0.00017094,0.00083576,0.0001511,0.00022947,0.00013115,0.00080146,0.00056525,0.0001698,0.45569,0.011676,0.00027767,3.9267e-05,0.0004187,0.00017788,0.00012644,0.00012442,6.7194e-05,0.0047036,0.00012722,0.00033944,0.0006945,0.0001229,0.00055513,0.00016719,0.008487,0.0013285,0.00070543,0.00055938,0.00016094,0.00025113,0.0052134,0.0021848,0.00026356,0.00035673,0.00010943,0.00035689,0.00022687,0.00017667,0.00035471,0.00023087,0.00021169
0.00093317,6.7149e-05,1.7671e-05,0.00017996,0.00041024,0.0001714,0,0.0063918,4.6124e-05,6.185e-05,0.00011181,0.00022598,0.0013099,5.652e-05,0.0012066,0.00020412,5.2573e-05,0.0073999,0.0039216,5.7689e-05,4.5786e-05,0.00013568,6.5892e-05,5.0888e-05,0.00026362,0.00028528,0.00027239,0.00010633,0.00018786,0.0001662,0.037312,0.00024762,4.0231e-05,2.9312e-05,4.3138e-05,3.0639e-05,6.2445e-05,0.00015011,0.00021761,0.00025407,5.5274e-05,0.00020921,2.269e-05,0.00027403,2.6791e-05,5.6915e-05,0.00040869,0.00012899,3.4415e-05,0.0022983,0.0001763,0.00074166,8.7349e-05,0.00024348,3.4515e-05,0.0068128,0.72126,4.3817e-05,0.00016004,0.00011653,5.1856e-05,1.6027e-05,6.8362e-05,5.1002e-05,5.0994e-05,2.5174e-05,1.5968e-05,0.00029322,7.5589e-05,0.00040855,0.00078046,3.2709e-05,0.0013963,4.127e-05,0.00011537,0.00019802,0.001816,0.19522,3.6391e-05,8.348e-05,0.00034959,0.00018208,0.00022167,0.00036025,7.0258e-05,5.5538e-05,7.1061e-05,0.00020192,0.001178,0.00029838,0.00024293
0.0057818,0.00077766,0.00018892,0.0026491,0.0032879,0.0026572,0.075647,0,0.00052656,0.0007708,0.001375,0.0018949,0.0085392,0.00081262,0.0070305,0.003187,0.00062033,0.07016,0.01629,0.00076993,0.00061265,0.0019952,0.0009213,0.00066657,0.0032146,0.0050635,0.0026009,0.001493,0.0029737,0.0026092,0.079502,0.0034114,0.00054008,0.00034013,0.00058062,0.00033269,0.00071761,0.0023616,0.0026506,0.0039073,0.0007617,0.002537,0.00027769,0.002414,0.00032506,0.00061353,0.0082615,0.0011933,0.00046219,0.10437,0.001536,0.018411,0.00084762,0.0020553,0.00037947,0.27222,0.065835,0.00058787,0.0024548,0.0017015,0.00059684,0.000174,0.0007997,0.00068455,0.0006451,0.00028899,0.00017776,0.0054225,0.00090401,0.0033077,0.017879,0.00035921,0.028606,0.00055377,0.0016534,0.0024288,0.014556,0.084011,0.00040889,0.0011608,0.0056351,0.0023732,0.0019611,0.0030541,0.00080995,0.00079276,0.00097661,0.0017229,0.006915,0.0024073,0.0020281
0.0022633,0.00066714,0.0023115,0.0039272,0.0035862,0.0031496,0.0020839,0.0020102,0,0.00060285,0.00077284,0.0024242,0.0029565,0.0012594,0.0024807,0.0032567,0.00058709,0.0017966,0.0024756,0.00069384,0.00071247,0.0037216,0.00084971,0.00063828,0.0054888,0.0025055,0.0055963,0.0045982,0.0030026,0.0029257,0.001945,0.0045371,0.00075609,0.031769,0.00075122,0.01314,0.092765,0.0026985,0.0062451,0.0035146,0.00081501,0.0064816,0.0078134,0.0045671,0.013074,0.040278,0.0022266,0.0042569,0.00082191,0.0017759,0.0027117,0.0016195,0.0053759,0.0033918,0.027996,0.0021982,0.0021111,0.00073178,0.0032083,0.0036441,0.40899,0.0014689,0.04595,0.00071321,0.00056971,0.016425,0.0036082,0.0022376,0.00066567,0.0036926,0.0015393,0.022202,0.0015597,0.00074627,0.0041028,0.0065963,0.0029486,0.0020221,0.079404,0.00082013,0.0032262,0.0059257,0.0044325,0.0041211,0.00068381,0.0011219,0.00078273,0.0025026,0.0024883,0.0029029,0.002985
0.0030999,0.048207,0.0014231,0.0020127,0.0021065,0.0023036,0.0036064,0.0037976,0.00077801,0,0.051728,0.0026086,0.0025231,0.0050542,0.0028768,0.0022853,0.066741,0.004358,0.0029679,0.040722,0.020679,0.0020192,0.015946,0.053035,0.0017384,0.0028764,0.0016807,0.0017489,0.0024042,0.0024227,0.003919,0.0019014,0.013446,0.0006491,0.015174,0.00079785,0.00091904,0.0025518,0.0016339,0.002205,0.01549,0.0016072,0.00088672,0.0018103,0.00081389,0.00089944,0.0032897,0.0016941,0.0088275,0.0044661,0.0023102,0.0050864,0.0014316,0.0020741,0.00073393,0.0034247,0.0035504,0.01715,0.0022589,0.0020058,0.00083584,0.0020439,0.00098221,0.025377,0.21717,0.00067113,0.0010552,0.0032156,0.11408,0.002073,0.0055408,0.00073733,0.0054325,0.014564,0.0018737,0.0015926,0.0025736,0.0037377,0.00068761,0.025105,0.0023725,0.0016536,0.0017919,0.0019435,0.043129,0.0062442,0.026804,0.0025043,0.0028667,0.0023388,0.0022469
0.0075839,0.06155,0.0017161,0.0037385,0.0046216,0.0042053,0.0091277,0.0094851,0.0013965,0.072425,0,0.0057663,0.0058007,0.0062686,0.0068958,0.0042899,0.037352,0.011757,0.0071432,0.025191,0.014098,0.0035754,0.016663,0.023736,0.0034742,0.0056584,0.0034962,0.0030079,0.0044465,0.0043887,0.010212,0.0037161,0.010162,0.0010472,0.011414,0.0012761,0.0016721,0.0045278,0.0032149,0.0042736,0.014034,0.0031546,0.0010851,0.0038296,0.0011013,0.001663,0.0068436,0.0033947,0.0072574,0.011581,0.0049014,0.012783,0.0027285,0.004453,0.0012595,0.0082953,0.0089492,0.01234,0.0040809,0.0034528,0.0014994,0.0022463,0.0017759,0.017297,0.034253,0.00095562,0.0012109,0.0063944,0.15905,0.0045327,0.014688,0.0012372,0.015362,0.010808,0.0032448,0.0031044,0.0058593,0.0095727,0.0012274,0.031171,0.0047644,0.0031554,0.0037572,0.0041858,0.065134,0.0073539,0.026236,0.0054434,0.0068639,0.005173,0.0048782
0.0099903,0.0007436,0.00038686,0.00071177,0.0081398,0.00063219,0.0025772,0.001826,0.00061193,0.00051023,0.00080553,0,0.0042927,0.0002893,0.0074085,0.0007089,0.00057443,0.0022009,0.0038045,0.00037626,0.00030478,0.0005813,0.00036389,0.00036184,0.0012666,0.0007675,0.0029995,0.00053181,0.00065536,0.00060599,0.002466,0.00097075,0.00026742,0.00040068,0.00028228,0.00061068,0.00072549,0.00055854,0.001169,0.00083653,0.00032529,0.0011611,0.00025338,0.0057535,0.000299,0.0010087,0.0008729,0.0087271,0.00023013,0.0015453,0.097588,0.0011061,0.0038629,0.022196,0.00062009,0.0019158,0.0026457,0.00028996,0.00061108,0.00052403,0.0006354,0.00032679,0.00070583,0.00033163,0.00041446,0.00037698,0.00029668,0.00075294,0.00069468,0.0073022,0.0011699,0.00059865,0.0015233,0.00027435,0.00054096,0.0010989,0.0026281,0.0025135,0.00056457,0.00045264,0.00095832,0.0009086,0.0079072,0.0057399,0.00078304,0.00029109,0.00040895,0.64053,0.0075185,0.042472,0.054428
0.035137,0.0010728,0.0004609,0.0037351,0.040271,0.0031243,0.028042,0.015446,0.0014009,0.00092634,0.0015211,0.0080579,0,0.00089073,0.083919,0.0037733,0.00085399,0.014178,0.14467,0.00084441,0.00069589,0.0027026,0.00094619,0.00076287,0.0089344,0.0042242,0.018237,0.0022888,0.0033132,0.0029172,0.020501,0.0061944,0.00062528,0.0008227,0.00066304,0.00091388,0.0019619,0.0025569,0.0072428,0.005006,0.00081838,0.0070082,0.00057241,0.019753,0.00069502,0.0019166,0.0050401,0.0053173,0.00055023,0.0095037,0.00651,0.0054714,0.0032372,0.012752,0.0010451,0.02057,0.030581,0.00067112,0.002956,0.002302,0.0015814,0.00037968,0.0021075,0.00076165,0.00077744,0.00070415,0.00043196,0.0039667,0.0011375,0.041659,0.0054451,0.00098253,0.0072362,0.00063854,0.0023878,0.0064017,0.10193,0.024187,0.0010905,0.0011394,0.0064634,0.0050239,0.01303,0.033824,0.0011201,0.00085815,0.0010009,0.007234,0.083337,0.014897,0.011164
0.0022552,0.0031106,0.0009839,0.0059341,0.0019513,0.0079383,0.0034814,0.0042293,0.0017169,0.0053391,0.0047296,0.0015625,0.0025628,0,0.0023554,0.0069098,0.003316,0.0038441,0.002846,0.012449,0.015809,0.0073371,0.027774,0.0099171,0.003262,0.0079042,0.0020855,0.0064989,0.0080041,0.0089059,0.0035962,0.0042808,0.018752,0.0016604,0.019272,0.0010425,0.0019862,0.010652,0.0032027,0.0056434,0.027619,0.0031569,0.0023993,0.0018256,0.00231,0.0013611,0.0074685,0.0012943,0.019713,0.0048373,0.0014222,0.0065379,0.0011272,0.0016062,0.0011976,0.0040132,0.0034299,0.017449,0.0080643,0.0081611,0.00188,0.001224,0.0022452,0.015473,0.0062673,0.0014813,0.0012502,0.0088212,0.0039391,0.0019707,0.0061771,0.0011624,0.0048905,0.018229,0.0071007,0.0032336,0.0030734,0.0035427,0.001418,0.015285,0.0053589,0.0038404,0.0016425,0.0019703,0.0030612,0.48198,0.016259,0.0015,0.0023456,0.0016924,0.0015864
0.0016469,7.6291e-06,2.8537e-06,1.5229e-05,0.00020683,1.3421e-05,0.00015081,7.4245e-05,6.8623e-06,6.1663e-06,1.0557e-05,8.1189e-05,0.00048994,4.7794e-06,0,1.5699e-05,5.9129e-06,9.0394e-05,0.00051914,5.2141e-06,4.2012e-06,1.1639e-05,5.5677e-06,4.7722e-06,2.9667e-05,1.8219e-05,6.0835e-05,9.9532e-06,1.4215e-05,1.2772e-05,0.00012479,2.258e-05,3.7098e-06,4.2126e-06,3.9453e-06,5.0699e-06,9.1054e-06,1.1501e-05,2.5319e-05,1.9631e-05,4.8207e-06,2.4708e-05,2.9062e-06,8.8825e-05,3.487e-06,9.7376e-06,2.2173e-05,3.4946e-05,3.2051e-06,5.1061e-05,5.6441e-05,2.9214e-05,1.9939e-05,9.8393e-05,5.5874e-06,8.5316e-05,0.00016228,4.0195e-06,1.2764e-05,1.0145e-05,7.5578e-06,2.4488e-06,9.5282e-06,4.6225e-06,5.0506e-06,3.7051e-06,2.4712e-06,1.7782e-05,7.9264e-06,0.0001907,3.0576e-05,5.3006e-06,4.4113e-05,3.8014e-06,1.0387e-05,2.3003e-05,0.00015624,0.00013742,5.6186e-06,6.9238e-06,2.4504e-05,1.894e-05,7.3004e-05,0.0001313,8.0131e-06,4.7066e-06,6.0735e-06,6.8428e-05,0.99426,0.0001475,9.9847e-05
0.00099176,0.00030882,0.00014072,0.083942,0.0010803,0.16298,0.0019043,0.0025123,0.00067248,0.00036565,0.00049024,0.00057991,0.0016444,0.0010466,0.0011719,0,0.0002757,0.0017113,0.001677,0.00047943,0.00044619,0.036034,0.00067624,0.00040998,0.0050361,0.029309,0.0014839,0.011181,0.20837,0.069069,0.0017836,0.014304,0.00043701,0.00043978,0.00045637,0.00030748,0.00099314,0.026691,0.0047273,0.080786,0.0005867,0.0045005,0.00041408,0.0010523,0.00049324,0.00058705,0.011003,0.00055637,0.00041781,0.0023296,0.00053733,0.00261,0.00046814,0.00073473,0.00038169,0.0027666,0.0018954,0.00044769,0.097568,0.018198,0.00081068,0.00010908,0.0012434,0.00047366,0.00034757,0.00034924,0.00018671,0.014642,0.0003626,0.001119,0.0021544,0.00035696,0.0017512,0.00043904,0.016427,0.0047876,0.0024913,0.0018632,0.00046507,0.0006793,0.029369,0.0081337,0.00085016,0.0011799,0.00031478,0.00089116,0.00060969,0.00055604,0.0011664,0.00073929,0.00067422
0.0037087,0.229,0.0023002,0.0018848,0.0025517,0.0020835,0.003731,0.0037198,0.00092218,0.081232,0.03247,0.0035745,0.0028311,0.0038207,0.0033575,0.0020973,0,0.0043708,0.0032507,0.016291,0.011639,0.0018471,0.0088191,0.020541,0.0017968,0.002571,0.0019523,0.0016201,0.0021688,0.0021636,0.004016,0.0018685,0.0089167,0.00084272,0.0094837,0.0012133,0.0010296,0.0022405,0.0016901,0.0020769,0.0088707,0.0016663,0.00099296,0.0022103,0.00087389,0.0011795,0.0029299,0.0023279,0.0067371,0.004198,0.0032234,0.0044234,0.002027,0.0026978,0.0010758,0.0034077,0.0036891,0.010346,0.0020417,0.0018179,0.0009478,0.0033851,0.0010602,0.012748,0.048622,0.0009517,0.0015554,0.0028159,0.1218,0.0024983,0.0048242,0.0010971,0.0050209,0.0093872,0.0017209,0.0016415,0.0027392,0.0038474,0.00094616,0.011783,0.0022487,0.0016489,0.0022686,0.0023278,0.16409,0.004521,0.012241,0.003468,0.0033499,0.0030324,0.0029737
0.0080317,0.00096978,0.00020538,0.0019093,0.0034136,0.001926,0.09003,0.072124,0.00048378,0.00090931,0.0017522,0.0023479,0.0080576,0.00075928,0.0087994,0.0022317,0.0007493,0,0.016903,0.00083955,0.00064935,0.0015046,0.00095313,0.00073435,0.0023818,0.0033123,0.0023347,0.001169,0.0021197,0.0019075,0.28141,0.0023925,0.00056174,0.00031703,0.000606,0.00033054,0.000642,0.0017693,0.0020163,0.0026298,0.00078811,0.0019449,0.00025417,0.0023939,0.00029616,0.00058563,0.0049561,0.0012935,0.00047213,0.059143,0.0018265,0.013919,0.00089897,0.0022954,0.00036825,0.039025,0.075253,0.00061772,0.0018016,0.0013143,0.00054057,0.00019676,0.0007016,0.00073082,0.00073766,0.00027384,0.00017832,0.0035912,0.0011211,0.0033781,0.016613,0.00035032,0.046828,0.00057802,0.0012785,0.0018621,0.010017,0.13867,0.00038675,0.0012536,0.0035191,0.0017802,0.0020304,0.0030035,0.0010167,0.00075838,0.0010491,0.0021032,0.0086341,0.0028238,0.0023598
0.036615,0.0010763,0.00036852,0.0031295,0.01653,0.0027666,0.072438,0.025425,0.0010121,0.0009402,0.0016162,0.0061619,0.12482,0.00085349,0.076725,0.0033203,0.00084608,0.025663,0,0.00085251,0.00068989,0.0023068,0.00095383,0.00076505,0.0059929,0.0040673,0.0086294,0.0018917,0.0029738,0.002625,0.044614,0.0047869,0.00061278,0.00061858,0.00065287,0.00067828,0.001387,0.0023316,0.0048967,0.0042911,0.0008158,0.0047234,0.00044872,0.0093179,0.00053805,0.0013301,0.0052047,0.003501,0.00053171,0.013827,0.0047496,0.0067884,0.0022155,0.0076936,0.00076605,0.034211,0.084393,0.00066246,0.0026037,0.0019736,0.0011368,0.00031706,0.0014978,0.00076082,0.00077998,0.00053245,0.00033602,0.0039571,0.0011634,0.016454,0.0069204,0.00072373,0.010178,0.00062722,0.0020064,0.0043891,0.07625,0.057326,0.0007983,0.0011771,0.0057055,0.0037097,0.0070409,0.013609,0.0011263,0.00083147,0.0010219,0.0054482,0.073951,0.0096244,0.0073746
0.0011189,0.0049504,0.00051783,0.0011575,0.00080952,0.0013934,0.0014987,0.0016901,0.00039897,0.018144,0.0080163,0.0008571,0.0010247,0.0052506,0.0010838,0.001335,0.0059638,0.0017927,0.001199,0,0.069019,0.0012283,0.041749,0.20153,0.00085847,0.0016772,0.00070889,0.0010663,0.0014466,0.001495,0.001613,0.0010046,0.024118,0.00037877,0.033971,0.00027492,0.00046605,0.0016293,0.00081586,0.0012253,0.046813,0.00080228,0.00052687,0.00070893,0.00048941,0.00037906,0.0018505,0.00059261,0.010704,0.0020225,0.00076225,0.0025524,0.00049797,0.00074154,0.00029782,0.0015314,0.0014726,0.043244,0.0013766,0.0012546,0.00043245,0.00073953,0.00051103,0.1874,0.030472,0.00036045,0.00045441,0.0019045,0.0076188,0.00080369,0.0026709,0.00028854,0.0023571,0.028648,0.0011493,0.00080387,0.0011173,0.0015492,0.00033715,0.045519,0.0012779,0.00087538,0.00067518,0.00076809,0.0047205,0.0073903,0.10256,0.00082108,0.0010793,0.000822,0.00077975
0.00036538,0.0013849,0.00022657,0.00044687,0.00027589,0.00054009,0.00048721,0.00055085,0.0001678,0.0037738,0.0018376,0.00028437,0.0003459,0.0027311,0.0003577,0.00050891,0.0017451,0.00056795,0.00039743,0.02827,0,0.00048882,0.013658,0.026701,0.00031711,0.00061399,0.00025102,0.00043549,0.00055488,0.00058055,0.00051826,0.00037635,0.058042,0.00017467,0.13386,0.00012561,0.00018909,0.00063892,0.00030488,0.00045902,0.031006,0.00030037,0.0002548,0.0002456,0.00023109,0.00014525,0.00065245,0.00020384,0.011851,0.00064547,0.00025573,0.00080952,0.00017344,0.00025122,0.00013014,0.00050655,0.00047955,0.37427,0.00053767,0.00050883,0.00017979,0.00032656,0.00020747,0.16044,0.0066665,0.00017,0.00021373,0.0006875,0.0018832,0.00027463,0.00082933,0.00012947,0.0007263,0.090889,0.0004658,0.00030258,0.00038072,0.00050118,0.00014707,0.007229,0.00046753,0.00033436,0.00023275,0.0002648,0.0013192,0.0040638,0.012489,0.00027351,0.00035632,0.00027537,0.00026203
0.0008811,0.00031298,0.00017747,0.059631,0.0010046,0.077519,0.0014913,0.001853,0.00090538,0.00038062,0.00048137,0.00056024,0.0013876,0.0013093,0.0010235,0.042452,0.00028607,0.0013593,0.0013726,0.00051968,0.00050491,0,0.00074069,0.00044778,0.0044317,0.010623,0.0014301,0.058367,0.043554,0.049463,0.001409,0.010109,0.00050962,0.00060915,0.00052619,0.00038778,0.001332,0.029774,0.004558,0.01927,0.0006592,0.0044364,0.00060401,0.0010173,0.00072416,0.00071868,0.0056549,0.00057337,0.00050506,0.00175,0.00053006,0.0019643,0.00050369,0.00071401,0.00048851,0.0020063,0.0014873,0.0005125,0.11758,0.19771,0.0011026,0.0001414,0.0017127,0.0005268,0.0003721,0.00047579,0.00024828,0.0074291,0.00036655,0.00104,0.0016793,0.0004567,0.0013957,0.00050889,0.17411,0.0048398,0.0019355,0.0014624,0.00061367,0.000707,0.010259,0.0086137,0.00083901,0.0011072,0.00031774,0.0010788,0.00064917,0.00054178,0.0010199,0.00070497,0.00065284
0.0014384,0.0036648,0.00053758,0.0019799,0.0010802,0.0024864,0.0021188,0.0025032,0.00060476,0.0087938,0.0065631,0.001026,0.0014212,0.014499,0.0014325,0.0023308,0.003996,0.0025192,0.0016605,0.051675,0.041272,0.0021669,0,0.025567,0.0013335,0.0029789,0.0010026,0.0018501,0.0025841,0.0027145,0.0022669,0.0016298,0.026678,0.00055989,0.036678,0.00038551,0.0007113,0.0030388,0.0012718,0.0020686,0.25092,0.0012495,0.00076332,0.00095685,0.00072842,0.00054374,0.0032285,0.00073701,0.014159,0.0030333,0.00091135,0.0041193,0.00061532,0.00094064,0.00043905,0.0022731,0.002079,0.037386,0.002462,0.0022426,0.00065981,0.00074169,0.00078924,0.061374,0.011008,0.00051225,0.00052968,0.0034475,0.0052591,0.0010786,0.0041791,0.00042484,0.0034268,0.029503,0.0020175,0.001259,0.0016191,0.0021868,0.00050379,0.084328,0.0021254,0.0014094,0.00088782,0.0010434,0.0035709,0.023833,0.149,0.00097976,0.0014258,0.001032,0.00096902
0.0012881,0.0070706,0.00071663,0.0012477,0.00093298,0.001482,0.0016492,0.0018253,0.00045784,0.029477,0.0094226,0.0010282,0.0011549,0.0052179,0.0012374,0.0014242,0.0093804,0.0019561,0.0013423,0.25139,0.081319,0.0013203,0.025767,0,0.00094812,0.0017588,0.00080595,0.00116,0.0015338,0.0015816,0.0017707,0.0010951,0.030113,0.00045533,0.038983,0.00036953,0.00052942,0.0017131,0.00090253,0.0013164,0.032398,0.00088827,0.0006464,0.00081811,0.00058912,0.00043812,0.0019303,0.00071101,0.013691,0.0021545,0.00091992,0.0026356,0.00060408,0.000874,0.00034711,0.0016621,0.0016226,0.051231,0.0014659,0.0013491,0.00049389,0.0010448,0.00057816,0.12798,0.076091,0.00044819,0.00061293,0.0019762,0.010563,0.00092471,0.0027655,0.00034692,0.0025043,0.035572,0.0012431,0.00088927,0.001239,0.0017024,0.00039283,0.02688,0.0013712,0.00096172,0.00078795,0.00088172,0.0066422,0.007102,0.043766,0.00098838,0.0012327,0.00096847,0.00092464
0.0023624,0.00038037,0.00026139,0.0093712,0.003856,0.0051716,0.0033749,0.0034773,0.0015552,0.00038167,0.00054479,0.0014217,0.0053428,0.00067797,0.0030388,0.0069105,0.00032412,0.0025063,0.0041535,0.00042303,0.00038151,0.0051617,0.0005309,0.00037453,0,0.0047393,0.0089024,0.0046482,0.0051771,0.0043117,0.00291,0.041309,0.0003664,0.00080376,0.00038173,0.00065891,0.0027093,0.0033699,0.33177,0.011741,0.00046908,0.21958,0.00058039,0.0042783,0.00073908,0.0016396,0.0041282,0.0016279,0.00034755,0.0026591,0.0013683,0.0021931,0.0013184,0.0022136,0.00083985,0.0043211,0.0034447,0.00037846,0.0049396,0.0039763,0.0019508,0.00019395,0.0034226,0.00040592,0.00034551,0.00062862,0.00031221,0.0036916,0.00041757,0.0041406,0.0019708,0.00077147,0.0019805,0.00036927,0.0046213,0.14183,0.0079093,0.0031704,0.0010051,0.00056766,0.012183,0.043545,0.0030263,0.0048455,0.00039165,0.00060911,0.00051151,0.0013765,0.0030352,0.0020669,0.0018729
0.0021126,0.00069635,0.00022815,0.021656,0.0020099,0.04081,0.0048371,0.0072544,0.00094028,0.00083644,0.0011752,0.0011411,0.0033457,0.0021758,0.0024717,0.053267,0.00061426,0.0046162,0.0037335,0.0010946,0.00097834,0.016388,0.0015708,0.00092017,0.006277,0,0.0024244,0.0080934,0.06324,0.044493,0.0046428,0.012664,0.00093106,0.00063562,0.0009851,0.00047406,0.0013301,0.033606,0.0055655,0.03782,0.0013177,0.0052972,0.00060751,0.001843,0.000705,0.00087372,0.11756,0.00098529,0.00085716,0.0072392,0.0010269,0.0093248,0.00080054,0.0013672,0.0005744,0.0076335,0.0047668,0.00097172,0.032216,0.012369,0.0011065,0.00017806,0.0016,0.0010583,0.0007809,0.00051689,0.00029102,0.27787,0.00083425,0.0020667,0.0071356,0.00054003,0.0051987,0.00094099,0.010546,0.005422,0.00527,0.0047958,0.00067884,0.0016481,0.043801,0.0074112,0.0015024,0.0021151,0.00071088,0.0019031,0.0014391,0.0010828,0.0024559,0.0014246,0.0012833
0.013415,0.0012283,0.00098051,0.0066233,0.055591,0.0049226,0.010036,0.0080971,0.0045636,0.001062,0.0015778,0.0096903,0.031386,0.0012475,0.017934,0.0058601,0.0010136,0.0070704,0.017212,0.0010053,0.00086915,0.0047937,0.0011488,0.00091626,0.025621,0.0052682,0,0.0045597,0.0050053,0.0044576,0.0085544,0.012212,0.00080798,0.0022696,0.00084616,0.0025094,0.0071266,0.0038411,0.023238,0.0078213,0.0010188,0.023389,0.0013954,0.11739,0.0017671,0.0071139,0.0053784,0.014285,0.00074263,0.0060401,0.0098812,0.0044248,0.0095239,0.022748,0.0030635,0.0098269,0.010415,0.00084923,0.0047579,0.0041118,0.0053136,0.00072773,0.0075147,0.0009336,0.00091967,0.0018769,0.0010139,0.004663,0.0012643,0.065798,0.0042656,0.0028158,0.004893,0.00081938,0.0045014,0.020547,0.024277,0.0093322,0.0032878,0.0013008,0.0087927,0.012679,0.048949,0.11785,0.0012739,0.0011653,0.0011714,0.0095265,0.018076,0.017851,0.01609
0.0011839,0.00042485,0.0003082,0.034135,0.0014275,0.026159,0.0018266,0.0021669,0.0017482,0.00051523,0.00063288,0.00080101,0.0018365,0.0018124,0.001368,0.020587,0.00039213,0.0016505,0.0017592,0.00070502,0.000703,0.091217,0.00098834,0.00061483,0.0062369,0.0081994,0.0021258,0,0.019623,0.02134,0.001722,0.011815,0.00072319,0.0011686,0.00073964,0.00069051,0.0026137,0.017361,0.0068462,0.014644,0.00089914,0.0067815,0.0011663,0.0014978,0.0014332,0.001279,0.005176,0.00087586,0.0007362,0.0020264,0.00077303,0.0022001,0.00079717,0.0010404,0.00088576,0.0023512,0.0018268,0.00071816,0.031474,0.1142,0.0021675,0.00024439,0.0034788,0.00072419,0.00051041,0.00089159,0.00044385,0.0063077,0.0004928,0.0014795,0.0019261,0.00082569,0.0016551,0.00071925,0.44331,0.0075222,0.0024386,0.0017877,0.0011463,0.00092361,0.0090693,0.013263,0.0012489,0.0015934,0.00043075,0.0014863,0.00086148,0.00078049,0.0013645,0.0010073,0.00094371
0.0005295,0.00018423,7.884e-05,0.021506,0.00055715,0.33743,0.0010202,0.0013646,0.00036091,0.00022393,0.00029579,0.00031207,0.00084049,0.00070571,0.00061766,0.12129,0.00016596,0.00094617,0.00087431,0.0003024,0.00028319,0.02152,0.00043642,0.00025702,0.0021962,0.020255,0.00073777,0.0062039,0,0.18993,0.00096926,0.0052282,0.00027835,0.00024421,0.00029086,0.00016816,0.0005201,0.036815,0.0020809,0.018439,0.00037737,0.001995,0.00023904,0.00053864,0.00028084,0.00031073,0.0067479,0.00029441,0.00026638,0.0013148,0.00028828,0.0015603,0.00024873,0.00038671,0.00020774,0.0014652,0.0010127,0.00028475,0.12482,0.01259,0.00043153,6.2538e-05,0.00064543,0.00030049,0.00021476,0.000195,0.00010627,0.010614,0.00021832,0.00057524,0.0012811,0.00019479,0.0010095,0.00027949,0.009608,0.0021095,0.0012442,0.0010045,0.000253,0.00043218,0.010292,0.0033575,0.00044077,0.00060181,0.00018743,0.00059341,0.000388,0.00029908,0.0006147,0.00039156,0.0003578
0.00053999,0.00020463,8.7887e-05,0.016616,0.00056378,0.23957,0.001015,0.0013463,0.00039543,0.00025372,0.00032828,0.00032447,0.00083215,0.00088295,0.00062406,0.045209,0.00018617,0.00095745,0.00086782,0.00035141,0.00033316,0.027481,0.0005155,0.00029803,0.0020567,0.016024,0.00073882,0.0075862,0.21357,0,0.00097212,0.0044833,0.00033011,0.00027423,0.00034434,0.00018449,0.00056159,0.11951,0.0019812,0.012257,0.00044713,0.0019104,0.000277,0.0005468,0.00032286,0.00033314,0.0061891,0.00030691,0.00031825,0.0013243,0.00030037,0.0016124,0.00026166,0.00039811,0.0002278,0.0014251,0.0010068,0.00033621,0.19451,0.018926,0.00047121,7.1607e-05,0.00069587,0.00035223,0.00024594,0.00021923,0.00012059,0.010152,0.00024357,0.00058115,0.0013336,0.00021393,0.0010419,0.00033097,0.012357,0.0020219,0.0012006,0.0010025,0.00027863,0.00050055,0.0076202,0.0031526,0.00045169,0.00060687,0.00020779,0.0007308,0.00045166,0.00031135,0.00062116,0.000403,0.00036959
0.0035556,0.00030642,7.3232e-05,0.00070065,0.0014723,0.00068431,0.157,0.028265,0.00018113,0.0002828,0.00052631,0.00090979,0.0040294,0.00024566,0.0042012,0.00080442,0.0002381,0.097324,0.010163,0.00026124,0.00020493,0.00053936,0.00029662,0.0002299,0.00095643,0.0011521,0.00097693,0.0004218,0.00075096,0.00066982,0,0.00092391,0.00017876,0.00011674,0.00019217,0.00012248,0.00024267,0.00061236,0.0007997,0.00097627,0.00024747,0.00077028,9.1519e-05,0.0010001,0.00010745,0.00022234,0.0016798,0.00050398,0.00015169,0.012922,0.00070523,0.0036513,0.00034423,0.00093015,0.00013709,0.020277,0.10947,0.00019555,0.00063972,0.00046705,0.0002029,6.8042e-05,0.0002651,0.00022928,0.00023123,0.00010063,6.4808e-05,0.0012121,0.00034812,0.0014594,0.0040338,0.00013018,0.0084574,0.00018364,0.00045897,0.00073287,0.0051337,0.48804,0.00014403,0.00038218,0.001324,0.00068497,0.0008296,0.0012865,0.00032103,0.0002433,0.00032316,0.00081211,0.0041087,0.0011486,0.00094428
0.0032177,0.00067218,0.00039742,0.057238,0.0042665,0.021421,0.0054827,0.0063822,0.0022235,0.00072204,0.0010078,0.0018847,0.0064067,0.0015388,0.0040003,0.033947,0.00058296,0.0043542,0.005738,0.00085621,0.0007831,0.020364,0.0011222,0.00074819,0.071446,0.016538,0.0073391,0.01523,0.021316,0.016256,0.0048618,0,0.00075916,0.0012623,0.00079091,0.00094936,0.003651,0.011408,0.060735,0.085807,0.00098619,0.053571,0.0010169,0.0043957,0.0012692,0.0020982,0.012061,0.001983,0.00072428,0.0051671,0.0017805,0.0047069,0.0016425,0.0026564,0.0012014,0.0076877,0.0055356,0.00078072,0.01993,0.013693,0.0027654,0.00029809,0.0046975,0.00083164,0.00066682,0.0009864,0.00049757,0.011391,0.00075938,0.0044966,0.0040755,0.0011113,0.0037811,0.00076387,0.016206,0.058897,0.010139,0.0052268,0.0014609,0.0011717,0.064132,0.13693,0.0033335,0.0049692,0.00068947,0.0013563,0.0010546,0.0018157,0.0039875,0.0025768,0.0023395
0.00014852,0.0004938,0.0001095,0.00020515,0.00011544,0.00024827,0.00019873,0.00022543,8.2667e-05,0.0011391,0.00061491,0.00011583,0.00014428,0.0015039,0.00014663,0.00023139,0.00062065,0.00022808,0.00016387,0.0045859,0.026944,0.00022904,0.0040982,0.0045899,0.00014138,0.00027125,0.00010833,0.00020797,0.00025319,0.00026704,0.00020987,0.00016937,0,9.0002e-05,0.15629,6.3926e-05,9.0739e-05,0.00029559,0.00013709,0.00020636,0.0089765,0.00013526,0.00013521,0.00010399,0.00012102,6.7783e-05,0.0002811,8.5043e-05,0.01826,0.00026086,0.00010476,0.00032614,7.2781e-05,0.00010417,6.604e-05,0.00020923,0.0001958,0.071529,0.00024847,0.0002415,8.7772e-05,0.00015701,9.9396e-05,0.011021,0.0018503,8.8149e-05,0.00010918,0.00030066,0.00063511,0.00011517,0.00032989,6.6047e-05,0.00028732,0.66771,0.00022112,0.00013677,0.00016015,0.00020382,7.4136e-05,0.0020303,0.00020679,0.00015265,9.7957e-05,0.00011182,0.00047176,0.0022668,0.0030279,0.0001116,0.00014608,0.00011332,0.0001079
0.0024978,0.00096457,0.0060079,0.0043277,0.0035758,0.0037412,0.0023238,0.0022784,0.055745,0.00088253,0.0010169,0.0027853,0.0030466,0.0021371,0.0026721,0.003737,0.00094139,0.0020658,0.0026549,0.0011558,0.0013013,0.0043936,0.0013804,0.0011138,0.0049774,0.0029719,0.0048836,0.0053932,0.003565,0.0035601,0.0021995,0.0045196,0.0014444,0,0.0013999,0.030351,0.023362,0.0034016,0.0054861,0.0038331,0.0013948,0.0056286,0.039598,0.0042928,0.076179,0.020284,0.0026397,0.0044788,0.0016506,0.0020724,0.003105,0.0019619,0.0057301,0.0035481,0.051471,0.002445,0.0023472,0.0013575,0.0038334,0.0044745,0.037665,0.0036784,0.018736,0.0012502,0.00097459,0.25041,0.01277,0.0027147,0.00089976,0.0036489,0.0018685,0.048992,0.001858,0.0014136,0.0048795,0.0057412,0.0030493,0.0022691,0.11003,0.0012379,0.0035062,0.0055304,0.0042847,0.0039509,0.0009789,0.0019184,0.0012311,0.0028818,0.002679,0.0031293,0.0032389
0.00014493,0.00048648,9.6569e-05,0.00019525,0.00011165,0.00023709,0.00019535,0.00022216,7.5293e-05,0.0011785,0.00063309,0.00011208,0.00014025,0.0014169,0.00014295,0.00022151,0.00060514,0.00022556,0.00016005,0.0059213,0.056963,0.00021679,0.0051652,0.005447,0.00013503,0.00026309,0.000104,0.00019499,0.00024253,0.00025535,0.00020682,0.00016176,0.14327,7.9965e-05,0,5.6399e-05,8.3756e-05,0.00028269,0.0001305,0.00019787,0.013203,0.00012867,0.00011852,0.00010018,0.000107,6.2972e-05,0.00027497,8.1722e-05,0.0095804,0.00025868,0.00010108,0.00032571,6.9677e-05,0.00010062,5.8946e-05,0.00020544,0.00019236,0.32897,0.00023682,0.00022767,8.036e-05,0.0001381,9.1935e-05,0.017915,0.0019233,7.771e-05,9.5086e-05,0.00029325,0.00064048,0.00011135,0.00033037,5.8689e-05,0.00028675,0.38704,0.00020807,0.00012996,0.00015575,0.00020057,6.6597e-05,0.002369,0.00019935,0.00014481,9.4364e-05,0.00010792,0.00046511,0.0021839,0.0037455,0.00010786,0.0001424,0.00010971,0.00010431
0.0027323,0.0012442,0.0099051,0.002578,0.0039262,0.0022054,0.0021217,0.0019467,0.02014,0.00094756,0.0010824,0.003708,0.0029562,0.001172,0.0028091,0.0022823,0.0011839,0.0018814,0.0025428,0.00073282,0.00081743,0.0024431,0.00083021,0.0007896,0.0035642,0.0019361,0.0047165,0.0027837,0.0021442,0.0020922,0.0020158,0.0029692,0.00089614,0.026512,0.00086247,0,0.011483,0.0019696,0.0038011,0.0024541,0.00082625,0.0038868,0.0085334,0.0047563,0.010221,0.026271,0.0018224,0.0066982,0.0010117,0.0017442,0.0043573,0.0015411,0.010187,0.0044889,0.20303,0.0020815,0.0021494,0.00084523,0.0022258,0.0023986,0.014668,0.0047933,0.0088813,0.00077397,0.00089385,0.036419,0.014268,0.0017887,0.0011055,0.0039612,0.001511,0.36806,0.0016101,0.00087921,0.0025916,0.003874,0.0027007,0.0020723,0.052901,0.00082796,0.0023713,0.0034671,0.0051787,0.0042109,0.0012618,0.0010729,0.00078201,0.0039254,0.0028208,0.0038852,0.0041859
0.0024887,0.00063987,0.0014909,0.0051389,0.0041545,0.0038772,0.0024003,0.0023307,0.07892,0.00060585,0.00078729,0.0024452,0.0035226,0.0012395,0.0028003,0.0040918,0.00055763,0.0020283,0.0028862,0.00068955,0.00068304,0.004658,0.00085026,0.00062792,0.0081347,0.0030152,0.0074349,0.0058487,0.0036812,0.0035349,0.0022169,0.0063382,0.00070607,0.011327,0.00071094,0.0063738,0,0.0031819,0.00968,0.0045569,0.00079941,0.010179,0.004665,0.0054257,0.0072724,0.027362,0.0026408,0.0041974,0.00074229,0.0020247,0.0026828,0.0018289,0.0048539,0.0036201,0.010856,0.0025862,0.0024345,0.00069522,0.0039434,0.0044448,0.25012,0.00099395,0.32947,0.00069573,0.0005683,0.0070029,0.0021418,0.002638,0.00065988,0.0043187,0.0017239,0.0091573,0.0017406,0.00070062,0.0051412,0.010435,0.0036148,0.002319,0.018754,0.00083853,0.004132,0.0089549,0.004982,0.0049376,0.00065658,0.0010993,0.00079068,0.0025001,0.0028082,0.0030851,0.0031133
0.0012057,0.00051353,0.00020906,0.022037,0.0012253,0.10298,0.0022461,0.0029857,0.00089364,0.00065481,0.00082984,0.00073279,0.0017871,0.0025876,0.0013768,0.042806,0.00047238,0.0021759,0.0018887,0.00093836,0.0008984,0.040531,0.001414,0.00079092,0.0039386,0.029656,0.0015599,0.015122,0.10143,0.29282,0.0021776,0.0077095,0.00089533,0.000642,0.00093406,0.00042557,0.0012386,0,0.0038132,0.017424,0.0012242,0.0036938,0.00067552,0.0011822,0.00077501,0.0007437,0.013319,0.00068376,0.00086554,0.0030314,0.00067692,0.0038604,0.00058545,0.00088158,0.00052278,0.0030959,0.0022239,0.00090946,0.10882,0.038822,0.0010557,0.00017838,0.00152,0.00094833,0.00064188,0.00051673,0.00029119,0.02312,0.00061649,0.0012596,0.0032038,0.00049233,0.0024506,0.00089678,0.023464,0.0038889,0.0025197,0.0022301,0.00063887,0.0013444,0.01246,0.0057645,0.0009877,0.0013073,0.00052027,0.0021009,0.0012162,0.00070302,0.0013703,0.00089679,0.00082431
0.00029745,5.1528e-05,3.9136e-05,0.0013491,0.00049249,0.00072386,0.00040337,0.00041515,0.00025622,5.1942e-05,7.2996e-05,0.00019,0.00062714,9.6382e-05,0.00037552,0.00093925,4.4144e-05,0.00030721,0.0004914,5.8212e-05,5.311e-05,0.0007687,7.3315e-05,5.1622e-05,0.048039,0.00060845,0.0011691,0.00073879,0.00071028,0.00060139,0.0003523,0.0050846,5.1443e-05,0.00012827,5.342e-05,0.00010175,0.00046681,0.0004724,0,0.001501,6.5187e-05,0.75413,9.146e-05,0.00056672,0.00011785,0.00026076,0.00051558,0.00022832,4.9328e-05,0.00032596,0.00018555,0.00027583,0.00019057,0.00029611,0.00013166,0.00050468,0.00041103,5.2856e-05,0.00070053,0.00059831,0.00032768,2.8774e-05,0.00060905,5.6245e-05,4.7352e-05,9.8996e-05,4.7796e-05,0.00047561,5.6439e-05,0.00052751,0.00024874,0.00012049,0.000248,5.1755e-05,0.00071316,0.15378,0.00086663,0.000381,0.00016047,7.7379e-05,0.0014256,0.0093191,0.00040999,0.00062051,5.3004e-05,8.6083e-05,7.0109e-05,0.00018507,0.00037529,0.00027265,0.00025014
0.001994,0.00051273,0.00024296,0.10958,0.0022673,0.046262,0.0039064,0.0050762,0.0011961,0.00058144,0.00080487,0.0011278,0.0035954,0.0014087,0.002415,0.13314,0.00044996,0.0033235,0.0035719,0.00072517,0.00066324,0.026956,0.0009891,0.00062451,0.014102,0.034296,0.0032639,0.013108,0.052204,0.030861,0.0035674,0.059585,0.00064231,0.00074341,0.00067184,0.00054488,0.0018228,0.017905,0.01245,0,0.00085769,0.011609,0.00065651,0.00221,0.00079409,0.0010946,0.017641,0.0010903,0.00060847,0.0044023,0.0010439,0.0044923,0.00090102,0.0014755,0.00067757,0.005855,0.0039047,0.0006619,0.037791,0.015789,0.0014517,0.00018515,0.0022853,0.00070704,0.00054272,0.0005894,0.00031042,0.018379,0.00059418,0.0023612,0.0037292,0.00063163,0.0031772,0.00064662,0.01648,0.012279,0.0057854,0.0037803,0.00081852,0.001023,0.17867,0.021626,0.0017397,0.0025135,0.00052446,0.0012265,0.00091396,0.0010797,0.0024037,0.0014781,0.0013384
0.0010574,0.0029686,0.00049466,0.0014776,0.00080613,0.0018352,0.0015059,0.0017535,0.00049145,0.0072374,0.0046835,0.00077706,0.0010415,0.012216,0.0010508,0.0017133,0.0034054,0.0017648,0.0012033,0.049092,0.079384,0.0016339,0.21259,0.027236,0.00099827,0.0021172,0.00075332,0.0014261,0.0018931,0.0019949,0.0016024,0.0012135,0.049507,0.00047934,0.079435,0.00032507,0.00056661,0.002229,0.00095809,0.0015198,0,0.00094271,0.000679,0.00071915,0.00063415,0.00042847,0.0022494,0.00056385,0.020395,0.0020861,0.00069458,0.0027449,0.00047474,0.00070965,0.00036291,0.0016066,0.00148,0.077561,0.0018254,0.0017056,0.00053235,0.00068956,0.0006268,0.10322,0.010105,0.00044789,0.00049216,0.00241,0.0041278,0.0008049,0.0027777,0.00035417,0.0023296,0.056893,0.001542,0.00095133,0.0011766,0.0015502,0.000417,0.033384,0.0015447,0.0010653,0.00067027,0.00078021,0.0028711,0.021005,0.061635,0.00074426,0.0010463,0.00077564,0.00073166
0.00027193,4.7423e-05,3.7033e-05,0.0012022,0.00045512,0.00065027,0.00036218,0.00037112,0.00024836,4.7719e-05,6.6897e-05,0.00017626,0.00056674,8.8728e-05,0.00034225,0.00083513,4.0647e-05,0.00027674,0.00044269,5.3462e-05,4.8868e-05,0.00069876,6.727e-05,4.745e-05,0.029694,0.00054085,0.001099,0.00068346,0.00063598,0.0005416,0.00031693,0.0041886,4.7403e-05,0.00012291,4.9191e-05,9.7168e-05,0.00045845,0.00042738,0.70431,0.0013071,5.9904e-05,0,8.697e-05,0.00052965,0.00011244,0.00025209,0.00045829,0.00021488,4.5548e-05,0.0002925,0.00017283,0.00024804,0.00018044,0.00027578,0.0001262,0.00044943,0.00036906,4.8658e-05,0.00063127,0.00054763,0.00031913,2.7164e-05,0.00060185,5.1706e-05,4.3532e-05,9.4589e-05,4.5357e-05,0.00042469,5.1857e-05,0.00048752,0.00022413,0.00011536,0.00022371,4.7676e-05,0.00065489,0.22648,0.00076922,0.00034234,0.00015433,7.0871e-05,0.0012303,0.0083206,0.00038422,0.00057535,4.8779e-05,7.9209e-05,6.4288e-05,0.00017195,0.00034211,0.00025275,0.00023253
0.0027461,0.0015623,0.0083182,0.0063052,0.0036291,0.0058907,0.0028772,0.0029752,0.021929,0.0019283,0.0016854,0.0028171,0.0033905,0.0049393,0.0029485,0.005628,0.0017742,0.002649,0.0030803,0.0025715,0.0030362,0.0069681,0.00301,0.0025291,0.0057487,0.0045433,0.0048023,0.0086092,0.0055814,0.0057518,0.002758,0.0058239,0.0034708,0.063335,0.0033189,0.015625,0.015389,0.0057248,0.0062564,0.0054143,0.0031603,0.0063701,0,0.0041575,0.38711,0.011274,0.0039591,0.0040384,0.0041247,0.00282,0.0030505,0.0028835,0.0048112,0.0034594,0.018552,0.0031345,0.0028924,0.0032006,0.006095,0.007444,0.019724,0.0061166,0.014707,0.0028576,0.0021909,0.058696,0.020305,0.0042373,0.0016285,0.0037009,0.002723,0.01869,0.0025592,0.0033764,0.0078658,0.0065613,0.0035728,0.0028275,0.024786,0.0025391,0.0048457,0.0068418,0.0040502,0.0039576,0.0015278,0.0044278,0.0026242,0.0028847,0.0029522,0.0031453,0.0032021
0.0093246,0.00064045,0.00048827,0.0020384,0.097472,0.00162,0.0045824,0.0034109,0.0016904,0.00051917,0.00078443,0.0084362,0.015429,0.00049563,0.011884,0.0018862,0.0005208,0.0032903,0.0084355,0.00045632,0.00038595,0.0015478,0.00049759,0.00042214,0.0055884,0.0018176,0.053281,0.0014581,0.0016586,0.0014973,0.0039748,0.0033198,0.00035202,0.0009055,0.00036996,0.0011486,0.0023604,0.0013213,0.0051125,0.0024036,0.00044141,0.0051161,0.00054828,0,0.00068113,0.0029095,0.0019351,0.013285,0.00031651,0.0025896,0.0088944,0.0018442,0.0065869,0.032759,0.0013293,0.0039992,0.0047664,0.00037391,0.0015663,0.0013542,0.0018739,0.00036972,0.0023638,0.00041674,0.00044115,0.00078059,0.00046351,0.0016674,0.00064141,0.11786,0.0018296,0.0012366,0.0022031,0.00035836,0.0014523,0.0046656,0.0088323,0.004287,0.0013357,0.00058007,0.002733,0.0032986,0.14878,0.2769,0.00066654,0.00047212,0.00052209,0.0083562,0.012066,0.020319,0.018107
0.0027477,0.0011693,0.0062327,0.0064471,0.0037309,0.0058295,0.0028507,0.0029226,0.03079,0.0014853,0.0014355,0.0027897,0.0034546,0.0039906,0.0029687,0.0056255,0.0013103,0.0025902,0.0030995,0.0020045,0.0023109,0.0070105,0.0024104,0.0019343,0.0061431,0.0044243,0.0051034,0.0088778,0.0055026,0.0056258,0.0027174,0.0060993,0.0026068,0.10225,0.0025143,0.015705,0.020132,0.0055115,0.006765,0.0054955,0.0024768,0.0069111,0.32484,0.0043342,0,0.013106,0.0038314,0.004095,0.0030395,0.0027308,0.0030228,0.0027357,0.0048794,0.0035125,0.020811,0.0031042,0.0028694,0.0024265,0.0060334,0.0074184,0.027426,0.0043901,0.019005,0.0022021,0.0016574,0.06441,0.013824,0.0040714,0.0012802,0.0038135,0.0025786,0.020336,0.0024521,0.0025429,0.0079866,0.007133,0.0036352,0.0027944,0.032016,0.0020767,0.0048935,0.0073657,0.0041919,0.0041085,0.0011487,0.0035399,0.0021067,0.0028543,0.002973,0.0031695,0.0032207
0.0064331,0.0016988,0.0050241,0.0065965,0.011315,0.0052564,0.0050862,0.0046328,0.079667,0.0013785,0.0018204,0.0079044,0.0080008,0.0019747,0.0069625,0.0056232,0.0014852,0.0043016,0.0064349,0.0013039,0.0012198,0.0058432,0.0015111,0.0012081,0.011445,0.004605,0.017255,0.006654,0.0051132,0.0048752,0.0047221,0.0084686,0.0012262,0.022865,0.0012427,0.033903,0.063615,0.0044419,0.012571,0.0063619,0.0014055,0.013013,0.0079453,0.015548,0.011007,0,0.0043067,0.017631,0.001273,0.0040012,0.0093376,0.0034428,0.026258,0.011783,0.062718,0.0050943,0.0051731,0.001225,0.0052748,0.005528,0.066315,0.0030989,0.039739,0.0012644,0.0012224,0.017864,0.0062894,0.0041529,0.0016275,0.011618,0.0033333,0.049173,0.0035515,0.001222,0.0061378,0.012851,0.0073222,0.0049186,0.066743,0.0015788,0.0061677,0.010495,0.016211,0.013107,0.001745,0.0017926,0.0014726,0.008318,0.0069966,0.0095313,0.010127
0.0034504,0.0010828,0.00029759,0.015264,0.0029898,0.021668,0.0092805,0.015852,0.0011191,0.0012812,0.0019036,0.001738,0.0053463,0.0027534,0.0040286,0.026782,0.00093747,0.0092504,0.0063984,0.0016174,0.0013923,0.011683,0.0022799,0.0013526,0.0073226,0.15744,0.0033149,0.0068425,0.028215,0.023015,0.0090654,0.012369,0.0012922,0.00075611,0.0013789,0.00059759,0.0015601,0.020214,0.0063161,0.026054,0.0018749,0.0060113,0.00070901,0.0026278,0.00081765,0.0010943,0,0.0013986,0.0011568,0.016809,0.0015319,0.024008,0.0011059,0.002018,0.0007133,0.015984,0.0090662,0.0013691,0.018594,0.009446,0.0013023,0.0002561,0.001838,0.0015276,0.0011681,0.00062232,0.00035773,0.28447,0.0013072,0.0030604,0.01674,0.00067206,0.011141,0.0013124,0.0083882,0.0060347,0.0086923,0.0092972,0.00082495,0.0025226,0.038475,0.0074687,0.0021471,0.0030705,0.001109,0.0024928,0.0021553,0.0016364,0.0039972,0.0021535,0.0019197
0.014043,0.0019777,0.0021406,0.0031511,0.030108,0.0026422,0.0063854,0.004991,0.004664,0.0014382,0.0020584,0.03788,0.012295,0.0010402,0.013841,0.0029521,0.0016237,0.005263,0.0093823,0.0011292,0.00094825,0.0025823,0.0011346,0.001086,0.0062945,0.0028765,0.019192,0.002524,0.0026836,0.0024878,0.0059292,0.0044333,0.00085221,0.0027966,0.00089334,0.0047881,0.0054055,0.0022621,0.0060973,0.0035103,0.0010245,0.0061441,0.0015765,0.039326,0.001905,0.0097664,0.0030487,0,0.00075362,0.0041736,0.069197,0.0031825,0.12697,0.084584,0.0049982,0.0054391,0.0065507,0.00091117,0.0025802,0.0023409,0.0047371,0.0015728,0.0049482,0.0010194,0.0012143,0.0026074,0.0017986,0.0027151,0.0018441,0.028932,0.0032371,0.0047507,0.003878,0.00087018,0.0024879,0.0058151,0.008437,0.0061576,0.0043811,0.0013433,0.0038291,0.0045617,0.079304,0.028521,0.002057,0.00101,0.0012287,0.045639,0.014006,0.047149,0.067693
0.0014075,0.0041492,0.0013051,0.0022034,0.0011311,0.0026533,0.0018809,0.0021344,0.00099424,0.0082742,0.0048585,0.0011028,0.0014047,0.017492,0.0014015,0.0024476,0.0051883,0.0021209,0.0015732,0.022519,0.060867,0.0025114,0.024065,0.023089,0.0014838,0.0027629,0.0011016,0.0023424,0.0026808,0.0028483,0.0019703,0.0017878,0.20202,0.0011379,0.11563,0.00079849,0.0010554,0.0031616,0.0014544,0.0021629,0.040913,0.0014379,0.0017778,0.0010345,0.0015612,0.00077856,0.0027843,0.00083206,0,0.002432,0.001004,0.0030118,0.00071734,0.0010112,0.00082106,0.0020025,0.0018554,0.089171,0.002672,0.002685,0.0010428,0.0018511,0.00115,0.038699,0.012442,0.0011241,0.0013836,0.0030177,0.0050718,0.0011314,0.0030108,0.00082478,0.0026208,0.14885,0.002467,0.0014601,0.0015705,0.0019225,0.00091568,0.013184,0.0021278,0.0016436,0.00096812,0.0011076,0.0039755,0.024613,0.017562,0.0010649,0.0013966,0.0010903,0.0010392
0.0064654,0.0013193,0.00026784,0.0035682,0.0036333,0.0038251,0.040835,0.15669,0.00069835,0.0013609,0.0025205,0.0024074,0.0078875,0.0013953,0.0072586,0.0044365,0.001051,0.086369,0.013299,0.0013832,0.0010777,0.0028288,0.001676,0.0011811,0.0036904,0.0075856,0.0029127,0.0020959,0.0043015,0.0038529,0.054564,0.0041462,0.00093823,0.00046444,0.0010149,0.0004475,0.00093586,0.0035996,0.0031243,0.0050871,0.0013604,0.0030019,0.00039513,0.0027513,0.00045597,0.00079549,0.013151,0.001498,0.00079059,0,0.0019577,0.069928,0.0010876,0.0024634,0.00050735,0.061471,0.036773,0.0010297,0.0035415,0.0024585,0.00078805,0.00026061,0.0010425,0.0012162,0.0011315,0.00039581,0.00024621,0.008759,0.0015799,0.0036385,0.076458,0.00048157,0.14336,0.00096445,0.0023421,0.0029047,0.01159,0.047598,0.00054704,0.0021772,0.0070264,0.0029413,0.0023102,0.003372,0.0013733,0.0013787,0.0017962,0.0021972,0.0071566,0.0028841,0.0024746
0.010435,0.0011041,0.0007246,0.0011261,0.012291,0.00098684,0.0033771,0.0024861,0.0011497,0.00075894,0.00115,0.16391,0.005825,0.0004423,0.0086503,0.0011032,0.00087002,0.0028757,0.0049254,0.00056203,0.00046034,0.00092376,0.00054289,0.00054372,0.0020473,0.0011601,0.0051372,0.00086203,0.0010168,0.00094218,0.0032105,0.0015403,0.00040624,0.00075022,0.00042757,0.0012053,0.0013369,0.0008666,0.0019174,0.0013006,0.00048835,0.0019123,0.00046082,0.010188,0.00054416,0.0020015,0.0012923,0.026777,0.00035188,0.0021107,0,0.0015529,0.0099094,0.043959,0.0012136,0.0026307,0.003463,0.00043884,0.00095706,0.00083547,0.0011799,0.00059017,0.0012764,0.00049845,0.00062368,0.00071143,0.00055718,0.0011275,0.0010191,0.011197,0.0016252,0.001172,0.0020548,0.00041631,0.00086894,0.0018118,0.0037119,0.0032864,0.0010824,0.00066648,0.0014666,0.0014817,0.015808,0.0093142,0.0011582,0.00044247,0.00060616,0.41831,0.0087693,0.050353,0.094377
0.0040724,0.0014418,0.00025493,0.0040093,0.0026037,0.0047773,0.014066,0.029505,0.00067982,0.0016545,0.0029697,0.0018395,0.0048474,0.0020131,0.0044332,0.0053059,0.0011821,0.021698,0.0069701,0.0018634,0.0014428,0.0033894,0.0024296,0.0015424,0.003249,0.01043,0.0022777,0.0024292,0.0054492,0.0050079,0.016458,0.0040319,0.0012522,0.00046935,0.0013641,0.00042209,0.00090241,0.0048934,0.0028222,0.0055414,0.0019109,0.0027173,0.0004313,0.0020917,0.00048761,0.00073067,0.020052,0.0012193,0.0010452,0.074647,0.0015376,0,0.00092149,0.0018664,0.00048233,0.020249,0.013262,0.0013799,0.0044178,0.0030058,0.0007686,0.0002651,0.0010161,0.0016433,0.0014052,0.00039802,0.00024383,0.013786,0.001803,0.0026148,0.50493,0.00045811,0.063119,0.0012884,0.0027706,0.0026689,0.0068494,0.015264,0.00052985,0.0031753,0.0072959,0.0028698,0.0017865,0.002479,0.0014903,0.0019918,0.0025514,0.0017008,0.004386,0.0021271,0.0018714
0.01287,0.0027246,0.0044297,0.0043889,0.023696,0.0036657,0.007031,0.0057649,0.0095776,0.0019762,0.0026902,0.027264,0.012172,0.001473,0.012841,0.004039,0.002299,0.0059476,0.0096545,0.0015429,0.0013119,0.0036886,0.0015403,0.0015004,0.0082896,0.0038004,0.020807,0.0037355,0.0036865,0.0034489,0.0065852,0.0059709,0.0011859,0.0058179,0.0012385,0.011841,0.010165,0.0031495,0.0082754,0.004717,0.0014026,0.0083895,0.0030541,0.031706,0.0036911,0.023651,0.0039202,0.20646,0.0010565,0.0049273,0.041641,0.0039108,0,0.042048,0.012013,0.0062413,0.0071833,0.0012628,0.0036045,0.0033897,0.0093019,0.0030267,0.008828,0.0014016,0.0016926,0.005555,0.0037656,0.0035655,0.0024977,0.023357,0.0039495,0.011434,0.0045917,0.0012096,0.0036291,0.0080277,0.0091978,0.006811,0.0097588,0.0017967,0.0049977,0.0063983,0.047876,0.024236,0.0028195,0.0014141,0.0016577,0.031386,0.012957,0.029601,0.036907
0.014096,0.00084434,0.00057811,0.00145,0.045276,0.0012248,0.004312,0.0030755,0.0013295,0.00062998,0.000966,0.034468,0.01055,0.00046181,0.013942,0.0013947,0.00067323,0.0033413,0.0073764,0.0005055,0.00041811,0.0011505,0.00051806,0.00047761,0.0030623,0.001428,0.010935,0.0010727,0.0012611,0.0011546,0.003915,0.0021247,0.00037346,0.00079262,0.00039351,0.001148,0.0016679,0.0010435,0.002829,0.0016996,0.0004613,0.0028212,0.00048317,0.034693,0.0005846,0.0023352,0.0015739,0.030261,0.00032766,0.0024555,0.040642,0.0017428,0.0092514,0,0.0012342,0.0034078,0.0044637,0.00040116,0.001185,0.0010253,0.0014092,0.00045522,0.0016224,0.00045327,0.00052421,0.00071861,0.00049091,0.0013575,0.0008149,0.038728,0.0017869,0.0011707,0.0022464,0.00038179,0.0010782,0.002636,0.0058526,0.0041118,0.0011594,0.00062402,0.0019365,0.0020504,0.07538,0.029113,0.00088285,0.00045153,0.0005629,0.035594,0.014224,0.18499,0.26388
0.00089866,0.00034402,0.0020582,0.00098983,0.0013499,0.00083343,0.00072777,0.00067608,0.013065,0.0002654,0.0003253,0.0011465,0.0010294,0.00040997,0.00094264,0.00086265,0.00031963,0.00063821,0.00087446,0.00024172,0.00025788,0.00093715,0.0002879,0.00022584,0.0013833,0.00071431,0.0017532,0.0010873,0.00080656,0.00078656,0.00068701,0.0011441,0.00028189,0.01369,0.00027447,0.061822,0.005955,0.00073671,0.0014976,0.00092922,0.00028087,0.0015371,0.003085,0.0016761,0.004124,0.014798,0.00066234,0.002129,0.00031677,0.00060212,0.0013359,0.00053623,0.0031468,0.0014695,0,0.00072844,0.0007375,0.00026728,0.00084292,0.00091919,0.0083477,0.0011135,0.0042968,0.00025134,0.00024227,0.014211,0.0031694,0.00065408,0.00031335,0.0013703,0.00052069,0.72419,0.00054679,0.00027669,0.0010027,0.0015377,0.00095981,0.00070907,0.062293,0.00028249,0.00088709,0.0013714,0.0017764,0.0014811,0.0003503,0.00037214,0.00026897,0.0012068,0.00094641,0.0012574,0.00134
0.0069725,0.00079277,0.00021709,0.00333,0.0043369,0.0032015,0.090298,0.30486,0.00064486,0.00077848,0.0013467,0.0022264,0.012736,0.00086357,0.0090475,0.0039303,0.00063642,0.042515,0.024548,0.00078127,0.00063093,0.0024193,0.00093694,0.00067974,0.0044737,0.005967,0.0035351,0.0018142,0.0035758,0.0030932,0.063872,0.0046019,0.00056137,0.00040876,0.00060131,0.00039839,0.00089178,0.0027424,0.0036085,0.0050472,0.00078161,0.0034408,0.00032763,0.0031697,0.00038666,0.00075555,0.0093292,0.0014563,0.00048562,0.045857,0.0018203,0.01415,0.0010277,0.0025504,0.00045789,0,0.084678,0.00060756,0.0029513,0.0020351,0.00073476,0.00019333,0.0009976,0.00070074,0.00065699,0.00034568,0.00020932,0.0060985,0.00090958,0.0043934,0.013173,0.0004324,0.018274,0.00057454,0.002001,0.0032711,0.026681,0.082276,0.00049558,0.0011558,0.007525,0.0031334,0.0025024,0.0040898,0.00082493,0.00083418,0.00098225,0.0020282,0.0088971,0.0029505,0.0024687
0.0011176,7.5376e-05,2.0232e-05,0.0002044,0.00048875,0.00019346,0.81908,0.0063172,5.3063e-05,6.9148e-05,0.00012449,0.00026344,0.0016222,6.3236e-05,0.0014745,0.00023072,5.9032e-05,0.0070242,0.0051885,6.4372e-05,5.1177e-05,0.00015366,7.3422e-05,5.6858e-05,0.00030557,0.00031926,0.00032101,0.00012077,0.00021177,0.00018723,0.029546,0.00028392,4.5012e-05,3.3622e-05,4.824e-05,3.5248e-05,7.1926e-05,0.00016879,0.00025181,0.0002884,6.1689e-05,0.00024209,2.5904e-05,0.00032369,3.0624e-05,6.5738e-05,0.0004534,0.00015028,3.8553e-05,0.0023504,0.0002053,0.00079405,0.00010134,0.00028623,3.972e-05,0.0072553,0,4.8993e-05,0.00018071,0.00013187,5.9664e-05,1.8268e-05,7.8688e-05,5.696e-05,5.7044e-05,2.8876e-05,1.8305e-05,0.00032644,8.4584e-05,0.00048679,0.00083182,3.7633e-05,0.0014553,4.6166e-05,0.00013083,0.00022883,0.0022348,0.10077,4.1853e-05,9.2799e-05,0.00039656,0.00020921,0.00026073,0.00042801,7.8867e-05,6.2085e-05,7.9124e-05,0.0002352,0.0014384,0.00035125,0.00028494
0.00018689,0.00066356,0.00012249,0.00024135,0.0001428,0.0002923,0.00025027,0.00028372,9.2511e-05,0.00168,0.00086333,0.00014522,0.00017906,0.001618,0.00018369,0.00027409,0.00083264,0.00029,0.00020484,0.0095075,0.20089,0.00026632,0.0066407,0.0090291,0.00016885,0.00032734,0.00013165,0.00023879,0.00029949,0.00031447,0.00026546,0.0002014,0.082707,9.7801e-05,0.41494,6.9716e-05,0.00010331,0.00034718,0.00016287,0.00024589,0.016261,0.00016054,0.00014417,0.00012772,0.00013025,7.8298e-05,0.00034437,0.00010514,0.0093191,0.00033102,0.00013086,0.00041557,8.9611e-05,0.00012938,7.2402e-05,0.00026182,0.00024642,0,0.00029159,0.00027869,9.8831e-05,0.00017602,0.00011335,0.034351,0.0028435,9.5263e-05,0.00011837,0.00036536,0.00088249,0.00014229,0.0004233,7.2135e-05,0.00036915,0.18169,0.00025497,0.00016197,0.00019798,0.00025715,8.1692e-05,0.0032403,0.00024881,0.00017982,0.00012066,0.0001376,0.00063318,0.002448,0.0052799,0.00013975,0.00018299,0.00014137,0.00013451
0.00034866,0.00012556,5.9576e-05,0.018894,0.00037738,0.54475,0.00063479,0.0008227,0.00028165,0.00015366,0.00019827,0.00021252,0.00054768,0.0005193,0.00040508,0.04148,0.00011411,0.00058735,0.0005591,0.00021017,0.00020041,0.042431,0.00030369,0.00017941,0.0015304,0.0075362,0.0005122,0.0072675,0.091163,0.12634,0.00060304,0.0035703,0.00019951,0.00019179,0.00020743,0.00012749,0.00040691,0.028848,0.001499,0.0097488,0.00026575,0.0014463,0.00019065,0.00037151,0.0002249,0.00023412,0.0032477,0.00020675,0.00019392,0.00079063,0.00019817,0.00092389,0.00017761,0.0002654,0.00015856,0.00088319,0.00063117,0.00020249,0,0.019711,0.00033852,4.7748e-05,0.00051089,0.00021105,0.00014896,0.00015206,8.1897e-05,0.0047518,0.00014835,0.00038987,0.00077283,0.0001486,0.00062064,0.00019981,0.013125,0.0015474,0.00078763,0.00062454,0.00019549,0.00029449,0.0052114,0.0025626,0.00030559,0.00041038,0.00012756,0.00043056,0.00026713,0.00020442,0.00040335,0.00026621,0.0002447
0.00088682,0.00034724,0.00020425,0.028473,0.0010013,0.044197,0.0014636,0.0018057,0.001013,0.00043206,0.0005312,0.0005771,0.0013506,0.0016641,0.0010195,0.024498,0.00032172,0.0013568,0.0013419,0.00060655,0.00060057,0.22591,0.00087591,0.00052283,0.0039011,0.0091625,0.0014017,0.0835,0.029116,0.038925,0.0013941,0.0077672,0.00061402,0.00070888,0.00063145,0.00043503,0.0014523,0.032587,0.0040539,0.012897,0.00078626,0.003973,0.00073733,0.0010171,0.00087562,0.00077692,0.0052245,0.00059395,0.00061702,0.0017379,0.0005478,0.0019905,0.00052892,0.00072711,0.00054751,0.0019285,0.0014585,0.00061282,0.062416,0,0.0012262,0.00016695,0.0018591,0.00062237,0.00042859,0.00055405,0.0002919,0.0069591,0.00040826,0.0010344,0.0017156,0.00051308,0.0014184,0.0006116,0.29405,0.0043113,0.0018346,0.00144,0.00069246,0.00081529,0.0078956,0.0071416,0.00084938,0.0010981,0.00035164,0.0013449,0.00075522,0.00055905,0.0010161,0.00071748,0.00066749
0.0020504,0.00057372,0.0016648,0.0040177,0.003293,0.0031474,0.0019503,0.0018966,0.34045,0.00053912,0.00069076,0.0020954,0.0027782,0.0011479,0.0022742,0.003268,0.00050228,0.001671,0.0023145,0.00062603,0.00063544,0.0037728,0.0007717,0.00057315,0.005731,0.0024542,0.0054239,0.0047456,0.0029884,0.002902,0.0018135,0.0046973,0.00066825,0.017868,0.00066741,0.0079662,0.24472,0.0026536,0.0066483,0.0035509,0.00073488,0.0069328,0.0058502,0.0042144,0.0096936,0.027909,0.0021569,0.003599,0.00071762,0.0016681,0.0023166,0.0015241,0.0043462,0.0029927,0.014889,0.0020849,0.0019759,0.00065076,0.0032099,0.0036719,0,0.0010884,0.086086,0.00064013,0.00051172,0.0098678,0.0025305,0.0021716,0.00058537,0.0034043,0.0014413,0.01229,0.0014511,0.00066081,0.0041885,0.007098,0.0028231,0.0018898,0.031858,0.00074784,0.0032245,0.0063514,0.0039838,0.0038328,0.00058827,0.0010183,0.00071119,0.0021515,0.0022806,0.0025655,0.0026117
0.00665,0.013371,0.23836,0.0040158,0.0068022,0.003782,0.0051218,0.0046984,0.01039,0.011202,0.008793,0.009157,0.0056677,0.0063505,0.0062614,0.0037364,0.015243,0.0051681,0.0054853,0.0090969,0.0098071,0.0041112,0.007371,0.010302,0.0048414,0.0033559,0.0063121,0.0045465,0.00368,0.0037473,0.0051678,0.0043023,0.010157,0.014828,0.0097458,0.02212,0.0082635,0.0038099,0.0049605,0.0038482,0.0080884,0.0050142,0.015415,0.0070654,0.013185,0.011082,0.0036042,0.010154,0.010824,0.0046875,0.0098459,0.0044669,0.012017,0.0082142,0.016876,0.0046613,0.0051407,0.0098483,0.003847,0.0042479,0.0092486,0,0.00748,0.0092878,0.01185,0.0192,0.067053,0.0034687,0.011287,0.0067234,0.0046786,0.018275,0.005007,0.010079,0.0043542,0.0049858,0.0050357,0.0051302,0.013907,0.0072231,0.0038231,0.0046725,0.0078044,0.00666,0.013108,0.006715,0.0077295,0.0094849,0.0062763,0.0080254,0.0085183
0.0031871,0.00081221,0.0016292,0.0082072,0.0052387,0.0060031,0.003252,0.0032144,0.048381,0.00080134,0.0010348,0.0029441,0.0046832,0.001734,0.0036267,0.0063399,0.00071067,0.0027433,0.0038575,0.00093575,0.00092751,0.0074128,0.0011676,0.00084867,0.012718,0.0044889,0.0097026,0.0096341,0.0056537,0.0054209,0.0029971,0.010093,0.0009572,0.011243,0.00096579,0.0061011,0.40775,0.0048326,0.01563,0.0070707,0.0010945,0.016538,0.0055176,0.0067246,0.0084963,0.021154,0.0038505,0.0047553,0.001001,0.0027914,0.00317,0.0025485,0.0052174,0.0043581,0.009694,0.0035806,0.0032963,0.00094403,0.0061274,0.0070414,0.10889,0.0011135,0,0.00094597,0.00075933,0.0071138,0.0023427,0.003878,0.00085516,0.0054625,0.0023836,0.0083924,0.0023744,0.0009503,0.0083084,0.017243,0.004975,0.0031402,0.015665,0.0011454,0.006265,0.015126,0.0059854,0.0062583,0.00083268,0.001528,0.0010792,0.0029877,0.0036347,0.0037644,0.0037481
0.0006721,0.0025953,0.00036027,0.00078568,0.00050004,0.00095186,0.00090553,0.001027,0.00028027,0.0077273,0.0037617,0.00051628,0.00063168,0.00446,0.00065665,0.0009014,0.0031892,0.0010665,0.00073129,0.12807,0.2677,0.00085094,0.033887,0.070112,0.00056296,0.0011081,0.00044989,0.00074851,0.00098238,0.0010241,0.00096747,0.00066687,0.039612,0.00028,0.07024,0.00019844,0.00032136,0.0011253,0.00053872,0.00081645,0.067264,0.00053027,0.00040012,0.00044247,0.00036744,0.00025121,0.0011944,0.00036562,0.012572,0.0012154,0.00046201,0.0015383,0.00030916,0.00045441,0.00021163,0.00093869,0.00089053,0.10678,0.00094474,0.0008798,0.00030219,0.00051601,0.00035306,0,0.013297,0.00026899,0.0003329,0.0012504,0.0036907,0.00049745,0.0015856,0.00020823,0.001384,0.051923,0.00080419,0.00053322,0.00069521,0.00093326,0.00024097,0.018974,0.00083884,0.00058709,0.00041922,0.00047835,0.0024771,0.0066158,0.038675,0.00049556,0.00065401,0.00050002,0.00047473
0.002464,0.024367,0.001437,0.0018857,0.0017383,0.0021848,0.0029236,0.0031251,0.00072293,0.21353,0.024054,0.0020835,0.002082,0.0058335,0.0023168,0.0021359,0.039279,0.0034761,0.0024209,0.067246,0.035918,0.0019409,0.019627,0.13461,0.0015473,0.0026404,0.0014311,0.0017035,0.0022672,0.002309,0.0031506,0.0017266,0.021475,0.00070479,0.02435,0.00074002,0.00084764,0.0024595,0.0014645,0.0020237,0.021265,0.0014416,0.0009906,0.0015125,0.000893,0.00078421,0.0029492,0.0014063,0.013052,0.0036513,0.0018667,0.0042478,0.0012056,0.001697,0.00065873,0.0028418,0.0028799,0.028541,0.0021532,0.0019564,0.00078007,0.0021258,0.00091513,0.042936,0,0.0007307,0.0011216,0.0029443,0.038514,0.001715,0.0045401,0.00067319,0.0043232,0.023631,0.0018201,0.001435,0.0021566,0.0030204,0.000615,0.025752,0.0021409,0.0015146,0.0014894,0.0016198,0.022063,0.0074138,0.031744,0.0020079,0.002309,0.0018931,0.0018227
0.0025816,0.001206,0.0096713,0.0039144,0.0036102,0.0034422,0.0023108,0.0022415,0.033371,0.0010566,0.0010745,0.0030343,0.0030193,0.0022075,0.0027213,0.0034363,0.001231,0.0020661,0.0026461,0.0012736,0.0014665,0.0039736,0.0014623,0.0012695,0.0045075,0.0027983,0.0046762,0.0047645,0.0032961,0.0032955,0.0021953,0.0040894,0.001638,0.28995,0.0015753,0.048276,0.016724,0.0031702,0.0049024,0.0035189,0.0015091,0.0050154,0.042492,0.004285,0.055565,0.01835,0.0025157,0.0048352,0.0018881,0.002045,0.0034093,0.0019264,0.006335,0.0037247,0.061865,0.0023941,0.0023341,0.001531,0.0035191,0.0040494,0.024085,0.0055151,0.013727,0.0013907,0.0011699,0,0.024509,0.0025784,0.0010758,0.0036681,0.0018452,0.067124,0.001852,0.0016012,0.0043643,0.0050907,0.0029658,0.0022595,0.077039,0.0012886,0.0032559,0.004883,0.0043732,0.003931,0.0012119,0.0020069,0.0013049,0.0031545,0.002729,0.0033006,0.0034483
0.0049429,0.0050251,0.12613,0.0054999,0.0061743,0.0050798,0.0040054,0.0037676,0.020032,0.0045392,0.0037204,0.0065253,0.0050613,0.0050913,0.0049595,0.0050198,0.0054973,0.0036765,0.004563,0.0043874,0.0050382,0.005666,0.0041318,0.004744,0.0061172,0.0043052,0.0069027,0.0064813,0.0049084,0.0049534,0.0038635,0.0056368,0.0055439,0.040404,0.005267,0.051683,0.013977,0.0048816,0.0064676,0.0050642,0.0045313,0.0065718,0.040166,0.0069527,0.032589,0.017653,0.0039515,0.0091138,0.0063498,0.003476,0.0072963,0.0032247,0.011734,0.006953,0.037703,0.0039613,0.0040432,0.0051984,0.0051792,0.0058296,0.016877,0.052631,0.012353,0.0047031,0.0049072,0.066973,0,0.0040596,0.0044551,0.0061964,0.0031396,0.042779,0.0032689,0.0054335,0.0060981,0.0066198,0.0047615,0.0039389,0.031142,0.0036683,0.0047787,0.0063822,0.0074146,0.0064228,0.0049654,0.0049263,0.0039401,0.0068151,0.0049748,0.0063864,0.0067759
0.0022616,0.00082397,0.00023357,0.014464,0.0020281,0.02597,0.0053717,0.0083935,0.00090729,0.0010103,0.0014349,0.0012095,0.0033945,0.0026236,0.0026064,0.02875,0.00072688,0.0054075,0.0039246,0.001343,0.0011836,0.012382,0.001964,0.0011171,0.0052827,0.30022,0.0023185,0.006727,0.035804,0.030455,0.0052774,0.0094243,0.001115,0.00062731,0.0011864,0.00047318,0.0012573,0.028308,0.0047004,0.021898,0.0016205,0.004494,0.00061217,0.0018266,0.00070095,0.00085133,0.2295,0.0010048,0.0010115,0.0090314,0.0010783,0.013316,0.00081148,0.0014043,0.00056827,0.0084291,0.005266,0.0011718,0.021947,0.010151,0.0010578,0.00019885,0.0014934,0.0012901,0.00094082,0.00051458,0.00029649,0,0.0010003,0.0020764,0.0098098,0.00053565,0.0065961,0.0011294,0.0085552,0.0045691,0.0052248,0.0053831,0.00066599,0.0020876,0.026126,0.0059365,0.0015074,0.0020991,0.00084079,0.0023164,0.0018001,0.0011444,0.0025885,0.0014823,0.001334
0.0036556,0.19494,0.001337,0.0017951,0.0023604,0.0019968,0.0039364,0.0039779,0.00076727,0.10189,0.10146,0.0031721,0.0027671,0.0033304,0.0033027,0.002024,0.089379,0.0047986,0.0032801,0.015272,0.0092164,0.0017367,0.0085171,0.016974,0.0016986,0.0025623,0.001787,0.001494,0.0020935,0.0020771,0.0043086,0.0017861,0.0066954,0.00059104,0.0073655,0.00083134,0.00089402,0.0021457,0.0015856,0.0020125,0.0078902,0.0015599,0.00066882,0.0019975,0.00062654,0.00094842,0.0029977,0.00194,0.0048326,0.0046307,0.0027706,0.0049507,0.001616,0.0023962,0.0007739,0.0035738,0.0038788,0.0080461,0.0019478,0.0016928,0.00081054,0.0018394,0.00093615,0.010825,0.034984,0.00061034,0.00092495,0.0028436,0,0.0023116,0.005517,0.00077419,0.005779,0.0071118,0.0015981,0.0015356,0.0027207,0.0040887,0.00071373,0.013455,0.0022089,0.0015492,0.0020089,0.0021418,0.18262,0.0039428,0.012889,0.0030347,0.0032918,0.0027445,0.0026417
0.0037554,0.00015589,9.5125e-05,0.00044613,0.77786,0.00036341,0.0014513,0.00099281,0.00029033,0.00012629,0.00019723,0.0022745,0.0069126,0.00011366,0.0054202,0.00042608,0.00012505,0.00098634,0.0031643,0.00010989,9.1681e-05,0.00033612,0.00011915,0.00010136,0.001149,0.00043299,0.0063439,0.00030595,0.00037627,0.00033806,0.0012321,0.00072142,8.2821e-05,0.0001635,8.7348e-05,0.0002032,0.00039912,0.00029904,0.0010109,0.00054553,0.00010495,0.0010004,0.00010368,0.025036,0.00012731,0.0004618,0.00047875,0.0020762,7.3538e-05,0.00072748,0.0020765,0.00048975,0.0010308,0.0077681,0.00023086,0.0011775,0.0015227,8.8494e-05,0.00034917,0.00029257,0.00032155,7.4737e-05,0.00040791,9.9529e-05,0.00010626,0.00014195,8.7753e-05,0.00040263,0.00015768,0,0.00049077,0.00021637,0.00061503,8.4478e-05,0.00030958,0.00091362,0.0028609,0.0013431,0.00023216,0.00014142,0.00064283,0.00067206,0.011121,0.094237,0.00016266,0.00010931,0.00012637,0.002129,0.0055416,0.0066137,0.0048136
0.0041637,0.0015264,0.00025099,0.0032503,0.0025032,0.0037931,0.014143,0.027376,0.0006174,0.001722,0.0032605,0.001859,0.0046092,0.0018173,0.0044333,0.0041847,0.0012319,0.024744,0.0067893,0.0018631,0.0014123,0.0027687,0.0023552,0.0015464,0.0027898,0.0076264,0.002098,0.0020319,0.004275,0.0039574,0.017373,0.0033355,0.0012102,0.00042712,0.0013221,0.00039542,0.00081273,0.0038802,0.0024317,0.0043953,0.0018476,0.0023461,0.00038916,0.0019827,0.00043915,0.00067594,0.013359,0.0011851,0.0009983,0.077984,0.0015376,0.48245,0.00088918,0.0018284,0.0004475,0.01801,0.013274,0.001343,0.0035309,0.0024754,0.00069447,0.00026531,0.00090802,0.0016184,0.0014351,0.00036427,0.00022682,0.0097039,0.0019198,0.0025036,0,0.00042578,0.1128,0.0012481,0.0022961,0.0022986,0.0062127,0.015631,0.00048628,0.0031903,0.0056869,0.0024286,0.0017125,0.002349,0.0015822,0.0018264,0.0025415,0.0017129,0.0043846,0.0021108,0.0018549
0.00084132,0.00034081,0.0022524,0.00090479,0.0012442,0.00076682,0.00067714,0.00062834,0.010173,0.00026178,0.00031374,0.0010867,0.00095013,0.00039067,0.00087797,0.00079208,0.00032004,0.00059609,0.00081112,0.00022992,0.00025187,0.00086017,0.00027351,0.0002216,0.0012475,0.00065935,0.0015821,0.00099509,0.00074254,0.00072523,0.00064049,0.001039,0.00027679,0.012793,0.0002683,0.11003,0.0049319,0.00068117,0.0013456,0.00085044,0.00026912,0.0013795,0.0030513,0.0015309,0.0039565,0.011391,0.00061269,0.0019868,0.00031241,0.00056112,0.0012666,0.00050004,0.0029406,0.0013684,0.71101,0.00067538,0.00068603,0.00026145,0.00077558,0.00084569,0.0067651,0.0011839,0.0036522,0.0002428,0.00024308,0.015138,0.0035306,0.00060531,0.00030776,0.001261,0.0004864,0,0.00051162,0.00027146,0.00091958,0.0013798,0.00088351,0.00066029,0.04098,0.00026671,0.00081304,0.0012367,0.0016311,0.0013562,0.00034645,0.00035538,0.00025446,0.0011449,0.00088148,0.0011767,0.0012564
0.0080143,0.0021486,0.00036113,0.0036245,0.0041263,0.0039611,0.033057,0.057225,0.00081727,0.0022058,0.0044548,0.0031622,0.0080027,0.0018798,0.0083562,0.0044439,0.001675,0.091125,0.013045,0.002148,0.0016159,0.0030064,0.002523,0.0018294,0.0036627,0.0072589,0.0031441,0.0022812,0.0044009,0.0040395,0.047588,0.004043,0.0013771,0.00055487,0.0014992,0.00055046,0.0010721,0.0038776,0.0031675,0.0048922,0.0020244,0.0030594,0.00047782,0.0031192,0.00054558,0.0009409,0.011615,0.0018547,0.0011353,0.19103,0.0025396,0.078791,0.0013506,0.0030031,0.00061395,0.032642,0.030339,0.0015301,0.0037046,0.0026738,0.00091347,0.00037094,0.0011817,0.0018455,0.0017853,0.00047765,0.00030853,0.0085245,0.0026273,0.004099,0.14737,0.0005851,0,0.0014213,0.002534,0.0029697,0.010188,0.038896,0.00065279,0.0034623,0.0063729,0.0030003,0.0027089,0.0037534,0.0022447,0.0019039,0.002805,0.0028787,0.0082464,0.0035765,0.0030955
0.00011127,0.00037911,7.9201e-05,0.00015013,8.599e-05,0.0001817,0.00014882,0.00016872,5.9561e-05,0.00090065,0.00047739,8.6744e-05,0.00010756,0.0010671,0.00010967,0.00016969,0.00047696,0.00017132,0.00012244,0.0039763,0.030799,0.00016695,0.0033084,0.0039579,0.00010401,0.00020012,8.0192e-05,0.00015099,0.00018558,0.00019543,0.00015738,0.0001244,0.48741,6.4299e-05,0.3082,4.5782e-05,6.5726e-05,0.00021612,0.00010068,0.00015165,0.0075302,9.9303e-05,9.6016e-05,7.7274e-05,8.6173e-05,4.9309e-05,0.00020841,6.3388e-05,0.0098205,0.00019574,7.837e-05,0.00024496,5.4186e-05,7.7737e-05,4.7318e-05,0.00015631,0.00014659,0.1147,0.00018165,0.00017559,6.3358e-05,0.00011373,7.2033e-05,0.010545,0.0014863,6.2901e-05,7.8111e-05,0.0002223,0.00049244,8.5752e-05,0.00024835,4.7284e-05,0.00021648,0,0.00016075,0.00010034,0.0001192,0.00015272,5.3179e-05,0.0016315,0.00015246,0.00011178,7.288e-05,8.3139e-05,0.00036198,0.001611,0.0024954,8.3551e-05,0.00010926,8.4692e-05,8.0631e-05
0.0007816,0.00028594,0.00018516,0.029692,0.00091497,0.027805,0.0012541,0.0015186,0.00098712,0.0003493,0.00043205,0.00051561,0.0012124,0.0012531,0.00090337,0.01914,0.00026359,0.0011423,0.0011807,0.00048091,0.00047583,0.17219,0.000682,0.00041696,0.003924,0.0067613,0.0013281,0.28054,0.019232,0.021997,0.0011857,0.0079563,0.00048659,0.00066906,0.00049947,0.00040681,0.0014539,0.017047,0.0041821,0.011651,0.00061523,0.004112,0.00067431,0.00094409,0.00081589,0.0007466,0.0040154,0.00054633,0.00049066,0.001433,0.00049311,0.0015879,0.0004901,0.00066178,0.0005169,0.0016411,0.0012523,0.00048524,0.035969,0.2545,0.0012106,0.00014811,0.0018985,0.00049237,0.00034509,0.00051682,0.00026427,0.0050764,0.00033358,0.00094734,0.0013773,0.00048286,0.0011635,0.00048458,0,0.0045212,0.0016394,0.0012295,0.00065994,0.00063968,0.0069018,0.0079395,0.00078504,0.0010139,0.0002899,0.0010244,0.00059349,0.00050073,0.00090067,0.00064686,0.00060317
0.00058926,0.00010757,8.5141e-05,0.0030599,0.00096327,0.0016016,0.00079209,0.0008209,0.000584,0.00010926,0.0001521,0.00038544,0.0011962,0.00020999,0.0007362,0.0020527,9.2519e-05,0.00061221,0.00095047,0.00012377,0.00011374,0.0017613,0.00015661,0.00010976,0.044316,0.0012791,0.0022307,0.0017516,0.0015538,0.0013244,0.00069671,0.01064,0.00011075,0.00028968,0.0001148,0.00022377,0.0010859,0.0010396,0.33185,0.0031944,0.00013968,0.52328,0.00020698,0.001116,0.00026814,0.00057522,0.001063,0.0004699,0.00010687,0.00065396,0.00037834,0.00056288,0.00039893,0.00059538,0.00029171,0.0009872,0.00080603,0.00011343,0.0015605,0.0013731,0.00075493,6.2407e-05,0.0014499,0.00012013,0.00010012,0.00022183,0.00010557,0.00099765,0.00011795,0.0010288,0.00050738,0.0002666,0.00050174,0.00011131,0.0016637,0,0.0016211,0.00075054,0.00035976,0.00016391,0.0028919,0.027551,0.00082154,0.0012053,0.00011057,0.00018676,0.00014893,0.00037631,0.00073581,0.00054685,0.00050456
0.019304,0.001231,0.00049432,0.0066371,0.019761,0.0054794,0.046804,0.031698,0.001682,0.0011375,0.0018497,0.0059389,0.12271,0.001286,0.032218,0.006882,0.00099472,0.021219,0.10639,0.0011083,0.00092209,0.0045382,0.0012977,0.00098527,0.015923,0.0080102,0.016981,0.0036587,0.0059047,0.005067,0.031445,0.011802,0.00083557,0.00099128,0.0008864,0.0010051,0.0024237,0.00434,0.012049,0.0096975,0.001113,0.011451,0.00072618,0.013612,0.00088047,0.0021117,0.0098653,0.0043926,0.00074058,0.016812,0.0049942,0.0093074,0.002945,0.0085169,0.0011731,0.051881,0.050718,0.0008933,0.0051178,0.0037647,0.0019345,0.00040611,0.0026953,0.0010091,0.00096947,0.00083266,0.00048922,0.0073504,0.0013464,0.020756,0.0088355,0.0010999,0.01109,0.00085194,0.0038869,0.010445,0,0.039041,0.0012662,0.0015398,0.013698,0.0085183,0.0093272,0.019905,0.0012807,0.0012232,0.0013446,0.0054404,0.031823,0.0093901,0.0076023
0.0019718,0.00015459,3.8998e-05,0.00038947,0.0008468,0.00037533,0.43463,0.015804,9.964e-05,0.00014271,0.00026105,0.00049067,0.0025153,0.00012805,0.0024478,0.00044462,0.00012069,0.025376,0.0069093,0.00013276,0.00010486,0.00029621,0.0001514,0.00011694,0.00055134,0.0006297,0.0005639,0.0002317,0.00041179,0.0003655,0.25823,0.00052555,9.186e-05,6.3721e-05,9.8609e-05,6.6623e-05,0.00013432,0.00033182,0.00045759,0.00054738,0.00012668,0.00044024,4.9643e-05,0.00057074,5.8467e-05,0.00012254,0.0009115,0.00027693,7.8314e-05,0.0059643,0.00038196,0.0017917,0.00018838,0.00051689,7.4867e-05,0.01382,0.19755,0.00010023,0.00035055,0.00025525,0.00011187,3.574e-05,0.00014696,0.00011702,0.00011729,5.4799e-05,3.496e-05,0.00065419,0.0001748,0.00084173,0.0019203,7.1008e-05,0.0036576,9.4288e-05,0.00025181,0.00041773,0.0033725,0,7.8849e-05,0.00019315,0.00074944,0.00038731,0.00046679,0.00074272,0.00016182,0.00012622,0.00016392,0.00043835,0.0023918,0.0006351,0.00051951
0.0026167,0.00090707,0.0046253,0.0036179,0.003981,0.0030166,0.0022632,0.0021487,0.1093,0.00073341,0.00093507,0.0030787,0.003168,0.0014317,0.0027959,0.0031003,0.00082916,0.001977,0.0026878,0.00080712,0.00085956,0.0034723,0.00097437,0.00075385,0.0048826,0.00249,0.0055498,0.0041501,0.0028973,0.0028377,0.0021288,0.0041036,0.00093337,0.086315,0.00091464,0.04751,0.030344,0.0026555,0.0053838,0.0033109,0.00095193,0.0055442,0.012157,0.0049676,0.018713,0.046449,0.0022594,0.0055043,0.001042,0.0019149,0.0035143,0.0017374,0.0075401,0.0040716,0.18374,0.0023254,0.0022921,0.00088951,0.0030653,0.0034289,0.052682,0.0027065,0.020479,0.00084409,0.00066714,0.052195,0.0077216,0.002261,0.00085237,0.0040645,0.0016689,0.12311,0.0017148,0.0009172,0.0037757,0.0055936,0.0030556,0.0022027,0,0.00093078,0.0030979,0.005067,0.0050643,0.0044444,0.00092592,0.0012887,0.00089524,0.0032108,0.0028056,0.0034972,0.0036653
0.0019685,0.0056769,0.00057332,0.0021383,0.0013947,0.0026377,0.0029092,0.0034181,0.00063258,0.015004,0.013306,0.0013831,0.0018548,0.0086479,0.0019306,0.0025374,0.005786,0.0035909,0.0022208,0.061059,0.023675,0.0022416,0.09139,0.028905,0.0015453,0.0033874,0.0012303,0.0018738,0.0027733,0.0028565,0.0031654,0.0018442,0.014323,0.00054414,0.018231,0.00041666,0.00076024,0.0031313,0.0014547,0.0023187,0.042703,0.0014266,0.00069783,0.0012089,0.00068013,0.00061566,0.0038714,0.00094569,0.0084063,0.0042704,0.0012125,0.0058344,0.00077786,0.0012279,0.00046688,0.003039,0.0028477,0.01977,0.0025874,0.0022622,0.00069295,0.00078767,0.00083911,0.037242,0.015654,0.00048919,0.00050964,0.0039712,0.0090037,0.0013874,0.0061352,0.00044898,0.0050964,0.015767,0.0020508,0.001428,0.0020821,0.0030234,0.00052156,0,0.0024574,0.001565,0.0011302,0.0013262,0.0055699,0.011842,0.41351,0.0013149,0.0019209,0.001368,0.0012806
0.0032603,0.00074975,0.00031826,0.045899,0.0035584,0.032172,0.007158,0.0097491,0.0014621,0.0008331,0.0011949,0.0017205,0.0061819,0.0017814,0.0040144,0.064454,0.00064878,0.0059225,0.0063244,0.0010071,0.00089962,0.01911,0.0013533,0.00086634,0.019485,0.052893,0.0048863,0.01081,0.038805,0.02555,0.0064429,0.059306,0.00085715,0.00090554,0.00090138,0.00070112,0.002201,0.01705,0.015747,0.23793,0.0011609,0.014551,0.00078245,0.0033464,0.00094162,0.0014131,0.034692,0.0015838,0.00079715,0.0080974,0.0015677,0.0078765,0.0012713,0.0022389,0.00086141,0.011625,0.00715,0.00089194,0.026902,0.012872,0.0017555,0.00024495,0.0026965,0.00096737,0.00076461,0.00072625,0.00039008,0.029201,0.00086848,0.0037052,0.0064255,0.00080414,0.0055115,0.00086569,0.013,0.014803,0.010883,0.0068926,0.0010199,0.0014438,0,0.021223,0.0025998,0.0039021,0.00076886,0.001581,0.0012756,0.0016366,0.0039913,0.0022781,0.0020381
0.002725,0.00058725,0.00043568,0.035577,0.0039467,0.014514,0.0040134,0.00442,0.0028909,0.0006251,0.00085194,0.0017561,0.0051727,0.0013743,0.0033402,0.019217,0.00051213,0.0032252,0.0044267,0.00074271,0.0006926,0.017274,0.00096609,0.0006541,0.074974,0.0096344,0.007585,0.017018,0.013627,0.011379,0.0035883,0.13631,0.00068112,0.0015376,0.00070486,0.0011036,0.0051351,0.0084919,0.11081,0.031003,0.00086187,0.10594,0.0011893,0.0043479,0.0015258,0.0025885,0.0072496,0.0020312,0.00066285,0.0036489,0.001705,0.0033352,0.0017521,0.0025519,0.0014336,0.0052109,0.0040606,0.00069394,0.014241,0.012533,0.0037224,0.00032228,0.0070086,0.00072886,0.00058233,0.0011725,0.00056083,0.0071428,0.00065573,0.0041701,0.002954,0.0013167,0.0027933,0.00068328,0.016099,0.15182,0.0072854,0.0038346,0.0017958,0.00098986,0.022847,0,0.0033336,0.0047177,0.00060191,0.0012038,0.0009015,0.0017096,0.0033347,0.0024004,0.0022168
0.012311,0.00094798,0.00077954,0.0023552,0.076072,0.0019131,0.0053387,0.0039908,0.0023628,0.00074013,0.0011084,0.016698,0.014659,0.0006422,0.014068,0.0021946,0.00076986,0.0040193,0.0091801,0.00062591,0.00052678,0.0018384,0.00066494,0.00058555,0.0056933,0.002134,0.031996,0.0017509,0.0019547,0.0017814,0.0047484,0.0036259,0.00047758,0.0013016,0.00050187,0.0018011,0.0031215,0.0015898,0.0053268,0.002725,0.00059251,0.005345,0.00076925,0.21427,0.00094878,0.0043688,0.0022772,0.038583,0.00042661,0.0031315,0.019876,0.0022686,0.014325,0.10251,0.002029,0.004547,0.0055295,0.00050877,0.0018556,0.0016287,0.0025511,0.00058817,0.0030302,0.00056867,0.00062567,0.0011474,0.0007119,0.0019817,0.00092904,0.075399,0.0022759,0.0018975,0.0027557,0.00048676,0.0017393,0.0049464,0.0087161,0.0050496,0.0019611,0.00078108,0.0030579,0.0036424,0,0.084896,0.00098725,0.00061618,0.00070577,0.017268,0.014294,0.04211,0.043569
0.0087465,0.00047481,0.00031619,0.0015785,0.17725,0.0012587,0.0042176,0.0030211,0.0010679,0.00039022,0.00060026,0.0058922,0.018497,0.00037449,0.012299,0.0014806,0.00038401,0.0028901,0.0086256,0.00034613,0.00029134,0.0011793,0.00037989,0.00031852,0.0044312,0.0014604,0.037448,0.001086,0.0012974,0.0011635,0.0035796,0.0026275,0.000265,0.00058345,0.000279,0.00071191,0.0015039,0.0010229,0.003919,0.0019138,0.00033527,0.0038908,0.00036539,0.19386,0.00045204,0.0017171,0.001583,0.0067455,0.00023727,0.0022219,0.0056927,0.0015302,0.0035251,0.019246,0.00082234,0.0036126,0.0044125,0.00028203,0.0012113,0.0010236,0.0011931,0.00024399,0.0015402,0.00031542,0.00033076,0.00050135,0.00029978,0.0013415,0.00048149,0.31058,0.0015176,0.00076696,0.0018561,0.00026993,0.001092,0.0035276,0.009042,0.0039057,0.00083663,0.00044551,0.0022311,0.0025058,0.041269,0,0.00049459,0.00035746,0.00039904,0.0056462,0.012505,0.014722,0.01185
0.00065726,0.887,0.00027258,0.00027616,0.00042703,0.0003002,0.00063949,0.00062291,0.00013776,0.0067325,0.0072619,0.00062494,0.00047625,0.00045236,0.00058356,0.00030711,0.021045,0.00076063,0.00055499,0.0016539,0.0011284,0.00026312,0.0010108,0.0018655,0.00027846,0.00038161,0.00031471,0.00022824,0.00031413,0.00030972,0.00069446,0.00028343,0.00086925,0.00011239,0.00093487,0.00016585,0.00015548,0.00031649,0.00026027,0.00031047,0.00095919,0.00025646,0.00010967,0.0003628,9.8261e-05,0.00017773,0.00044451,0.00037822,0.00066208,0.00070354,0.00055033,0.00071519,0.00031883,0.00045374,0.00015121,0.00056651,0.00063212,0.001009,0.00029272,0.00025484,0.00014237,0.00037333,0.00015932,0.0012699,0.0035028,0.00012017,0.00018018,0.00041775,0.031918,0.00041678,0.00079469,0.00015232,0.000863,0.00091371,0.00024275,0.00025159,0.0004523,0.00066159,0.00013551,0.0014548,0.00034179,0.00024855,0.00037311,0.00038452,0,0.00052543,0.001411,0.00060138,0.00058213,0.00051975,0.00050669
0.0020392,0.0032907,0.00091119,0.0045844,0.0017079,0.0060136,0.0031051,0.003745,0.0013883,0.0059872,0.0050361,0.001427,0.0022412,0.43749,0.0021054,0.0053404,0.0035616,0.003485,0.0025166,0.015904,0.021351,0.0054875,0.041437,0.012252,0.0026601,0.0062752,0.0017682,0.0048374,0.0061091,0.0066908,0.0032328,0.0034247,0.025656,0.0013529,0.026963,0.00086618,0.0015989,0.0078503,0.0025964,0.00446,0.043105,0.002558,0.0019523,0.0015785,0.0018599,0.0011215,0.0061374,0.0011407,0.025178,0.0043384,0.0012914,0.0058713,0.00098222,0.0014254,0.00098672,0.0035187,0.0030566,0.023962,0.006069,0.0059869,0.0015138,0.0011748,0.0017958,0.020833,0.0072298,0.0012223,0.001098,0.0070692,0.004233,0.0017203,0.0056347,0.00095975,0.0044959,0.024978,0.0052688,0.0026103,0.0026536,0.0031697,0.0011584,0.018998,0.004317,0.0030533,0.0014304,0.0017071,0.0032274,0,0.021179,0.0013685,0.0020964,0.0015165,0.0014225
0.001344,0.0043235,0.00047104,0.001508,0.00096908,0.0018531,0.0019259,0.0022364,0.00046953,0.012459,0.0087095,0.00097181,0.0012671,0.0071541,0.001317,0.0017711,0.0046746,0.0023369,0.0014993,0.10699,0.031809,0.0016007,0.12558,0.0366,0.0010829,0.0023002,0.00086169,0.0013592,0.0019363,0.0020045,0.0020815,0.0012908,0.016612,0.00042088,0.022417,0.00030605,0.00055749,0.0022029,0.001025,0.001611,0.061313,0.0010064,0.00056088,0.00084615,0.00053657,0.00044659,0.0025724,0.00067273,0.0087087,0.00274,0.00085763,0.0036459,0.00055815,0.00086142,0.00034571,0.0020085,0.0018883,0.025053,0.0018253,0.0016297,0.00051249,0.00065552,0.00061485,0.059036,0.015006,0.00038525,0.00042571,0.0026631,0.0067078,0.00096415,0.0038009,0.00033313,0.003211,0.018755,0.0014797,0.001009,0.0014139,0.0019954,0.00039012,0.32158,0.0016884,0.0011084,0.00079421,0.00092375,0.0042014,0.010267,0,0.00092674,0.0013108,0.00095546,0.00089846
0.0070529,0.00062861,0.00035567,0.00060219,0.00664,0.00053277,0.0020203,0.0014566,0.00055422,0.00042973,0.00066714,0.56195,0.003381,0.00024367,0.005478,0.00059634,0.00048894,0.0017296,0.0029512,0.00031622,0.00025718,0.00049319,0.00030486,0.00030515,0.0010759,0.00063895,0.0025871,0.00045462,0.00055101,0.00051013,0.0019312,0.0008205,0.00022605,0.00036371,0.00023833,0.00056717,0.00065079,0.00047012,0.00099894,0.00070265,0.00027334,0.00099379,0.00022762,0.0049998,0.00026839,0.00093131,0.00072103,0.0092248,0.00019495,0.0012374,0.2185,0.00089726,0.0039014,0.02011,0.00057267,0.0015311,0.0020723,0.0002448,0.00051567,0.00044537,0.00057239,0.00029697,0.0006284,0.00027927,0.00035043,0.00034384,0.00027185,0.00062505,0.00058307,0.0059966,0.00094573,0.00055333,0.0012166,0.00023184,0.00046089,0.00094128,0.0021121,0.0019701,0.00051655,0.00037754,0.00079974,0.00077603,0.0071738,0.0048254,0.00066107,0.00024491,0.00034214,0,0.0055557,0.031671,0.048588
0.0016632,7.6106e-06,2.863e-06,1.5173e-05,0.00021193,1.3361e-05,0.00014723,7.3026e-05,6.8834e-06,6.1447e-06,1.0508e-05,8.2395e-05,0.00048654,4.7594e-06,0.99426,1.5626e-05,5.8996e-06,8.8697e-05,0.00050037,5.1925e-06,4.1851e-06,1.1598e-05,5.5419e-06,4.7541e-06,2.9632e-05,1.8103e-05,6.1316e-05,9.9278e-06,1.4147e-05,1.2713e-05,0.00012204,2.2509e-05,3.6961e-06,4.2235e-06,3.9302e-06,5.0911e-06,9.131e-06,1.1447e-05,2.5304e-05,1.9539e-05,4.8e-06,2.4699e-05,2.9099e-06,9.0183e-05,3.492e-06,9.7852e-06,2.2e-05,3.5364e-05,3.1938e-06,5.0343e-05,5.7218e-05,2.8903e-05,2.0118e-05,0.00010038,5.6098e-06,8.3898e-05,0.00015831,4.0041e-06,1.271e-05,1.0111e-05,7.579e-06,2.4546e-06,9.5494e-06,4.6039e-06,5.0336e-06,3.7156e-06,2.4788e-06,1.766e-05,7.9003e-06,0.00019497,3.024e-05,5.3218e-06,4.3533e-05,3.7871e-06,1.0356e-05,2.2991e-05,0.00015433,0.00013427,5.6381e-06,6.889e-06,2.4364e-05,1.8909e-05,7.4177e-05,0.0001335,7.9935e-06,4.6865e-06,6.0451e-06,6.9399e-05,0,0.00015106,0.00010182
0.020287,0.00081472,0.00046071,0.001208,0.033582,0.0010413,0.0044655,0.0030441,0.00096158,0.00060031,0.0009483,0.055734,0.010414,0.0004112,0.017662,0.0011859,0.00063947,0.0034736,0.0077979,0.00047353,0.00038729,0.00095989,0.00048031,0.00044724,0.0024163,0.0012574,0.007251,0.00087765,0.0010791,0.00098766,0.0040856,0.0017417,0.00034331,0.00059074,0.00036258,0.00083965,0.0012012,0.000897,0.0022013,0.0014388,0.00042608,0.002185,0.00037123,0.018185,0.00044579,0.0015962,0.0014193,0.014255,0.00029856,0.0024294,0.039341,0.0016785,0.0055037,0.15633,0.00089248,0.0033316,0.004629,0.00037043,0.0010045,0.00085494,0.0010209,0.00037584,0.0011843,0.00042149,0.00049419,0.00053812,0.00038105,0.001211,0.00078872,0.027864,0.0017432,0.0008507,0.0022608,0.0003515,0.00089058,0.002046,0.0054528,0.0042694,0.00084156,0.00058748,0.0016652,0.0016298,0.026168,0.01882,0.0008546,0.00040594,0.00052762,0.047373,0.018089,0,0.3803
0.01245,0.00072642,0.00045192,0.0010133,0.02145,0.00087261,0.0033225,0.0023438,0.0009036,0.00052702,0.00081723,0.065271,0.0071325,0.00035224,0.010926,0.00098839,0.00057307,0.0026527,0.0054604,0.00041049,0.00033678,0.00081233,0.00041215,0.00039021,0.0020009,0.0010352,0.0059727,0.00075138,0.00090108,0.00082776,0.0030693,0.0014451,0.00029873,0.00055877,0.00031505,0.00082672,0.0011078,0.00075347,0.0018456,0.0011905,0.0003673,0.001837,0.00034537,0.014809,0.00041397,0.0015498,0.0011562,0.018703,0.00026004,0.0019049,0.067385,0.0013495,0.006271,0.20379,0.00086918,0.0025475,0.0034317,0.00032209,0.00084376,0.00072686,0.00094976,0.00036456,0.0010776,0.00036569,0.0004348,0.00051377,0.00036945,0.00099593,0.00069379,0.018533,0.0013999,0.00083005,0.0017882,0.00030582,0.00075889,0.0017252,0.0040344,0.0031915,0.00080603,0.00050259,0.0013614,0.0013755,0.024742,0.013843,0.00076135,0.00034797,0.0004534,0.066416,0.011142,0.34754,0
