0,1.7557e-07,3.2201e-12,3.0075e-06,0.023641,1.5076e-06,0.015135,0.0030143,1.2519e-08,2.1357e-08,1.5877e-06,0.013215,0.042772,5.6785e-10,0.3358,3.7995e-06,1.8335e-08,0.0068148,0.056978,2.9948e-09,2.832e-10,5.7026e-07,4.3302e-09,1.3385e-09,7.7544e-05,9.8749e-06,0.0011963,1.8402e-07,2.1863e-06,1.1368e-06,0.012209,2.3242e-05,6.245e-11,1.0765e-10,1.2883e-10,1.2417e-09,1.124e-07,5.9214e-07,3.8991e-05,1.2416e-05,1.048e-09,3.495e-05,9.419e-13,0.0043791,9.7261e-12,2.5719e-07,2.9422e-05,0.00048697,9.3945e-12,0.0011939,0.0041077,0.00015503,3.8283e-05,0.010669,2.7005e-09,0.0037263,0.016907,1.6546e-10,1.0914e-06,2.2186e-07,2.665e-08,5.3859e-13,1.4746e-07,8.0787e-10,2.9329e-09,2.8083e-11,2.4664e-13,9.3601e-06,2.121e-07,0.01954,0.00020782,1.6783e-09,0.00093067,8.4627e-11,2.549e-07,2.4988e-05,0.0092664,0.013534,2.3771e-09,3.6229e-08,3.7486e-05,9.4378e-06,0.0034348,0.0092098,2.6332e-07,5.4527e-10,1.1414e-08,0.0080128,0.33767,0.03107,0.014357
1.8699e-07,0,7.0316e-11,5.8775e-11,4.8202e-09,1.6003e-10,1.599e-07,1.3468e-07,2.8854e-15,0.012385,0.010022,1.2661e-07,1.3377e-08,1.4352e-08,7.4113e-08,2.0075e-10,0.11355,5.8304e-07,5.0267e-08,9.6056e-05,1.3492e-05,3.4786e-11,6.2092e-06,0.00017708,5.7845e-11,1.9874e-09,2.1734e-10,5.9562e-12,2.6383e-10,2.3029e-10,2.9905e-07,7.4519e-11,2.7377e-06,9.5075e-17,4.3215e-06,6.651e-14,2.0349e-14,3.0013e-10,2.5956e-11,2.1814e-10,4.7191e-06,2.1677e-11,1.199e-16,9.72e-10,1.3776e-17,1.5504e-13,8.4619e-09,1.5028e-09,4.0821e-07,3.4622e-07,4.5867e-08,4.1233e-07,2.5752e-10,8.447e-09,1.4786e-14,6.2612e-08,1.459e-07,6.968e-06,1.2106e-10,2.4287e-11,4.9616e-15,2.3951e-09,3.0291e-14,2.5536e-05,0.0021072,3.831e-16,3.335e-13,4.8626e-09,0.13359,3.8314e-09,8.6374e-07,1.706e-14,1.4453e-06,3.7759e-06,1.3086e-11,1.7243e-11,8.5948e-09,2.0771e-07,2.3436e-15,4.4824e-05,6.054e-10,1.5355e-11,1.2904e-09,1.7509e-09,0.72792,5.4724e-08,4.0303e-05,9.3862e-08,7.264e-08,2.8016e-08,2.2558e-08
2.5794e-10,5.2886e-09,0,1.1956e-12,1.3412e-09,2.4178e-13,3.8811e-12,7.8319e-13,1.214e-06,3.7675e-10,4.9747e-11,1.9836e-08,6.9524e-11,7.9148e-13,1.5553e-10,3.0945e-13,1.1908e-08,1.9074e-12,2.3626e-11,2.3316e-11,5.9571e-11,9.4101e-13,1.6368e-12,1.0055e-10,3.295e-11,4.3935e-14,1.1387e-09,4.8967e-12,1.6297e-13,1.4069e-13,3.0696e-12,4.9248e-12,1.0397e-10,3.03e-05,6.0875e-11,0.0017094,8.3372e-08,8.4693e-14,5.2901e-11,6.6459e-13,5.8648e-12,6.355e-11,9.9972e-06,3.5368e-09,3.9514e-06,2.7861e-06,2.7546e-14,2.4956e-07,2.8305e-10,3.0671e-13,6.423e-08,4.3145e-14,2.3165e-06,1.2908e-08,0.00017643,1.1834e-12,4.3963e-12,6.5795e-11,2.8865e-13,1.0559e-12,3.1341e-07,0.73489,2.2051e-08,3.0142e-11,5.3202e-10,0.00028776,0.26251,1.6818e-14,7.2375e-10,1.2305e-09,7.2773e-14,0.0003517,3.7264e-13,9.1664e-11,2.1965e-12,5.9283e-11,1.3304e-11,3.3906e-12,2.6338e-05,1.2694e-12,5.0808e-13,2.0648e-11,1.173e-08,1.3683e-09,4.7744e-09,1.0931e-12,3.005e-12,3.3115e-08,1.6248e-10,6.5925e-09,1.4803e-08
1.7308e-06,3.1758e-11,8.5897e-15,0,4.7212e-06,0.096156,3.9576e-05,0.00010694,5.8126e-07,1.7272e-10,3.1204e-09,4.805e-08,3.4065e-05,1.1632e-06,4.9922e-06,0.15259,7.975e-12,2.0022e-05,2.9477e-05,2.3992e-09,1.3422e-09,0.10316,4.3002e-08,5.5453e-10,0.0050499,0.016084,3.9372e-05,0.032909,0.076534,0.050129,2.7047e-05,0.047012,1.2011e-09,1.5509e-08,1.7423e-09,3.8993e-10,8.4782e-06,0.020617,0.0049809,0.12898,1.4648e-08,0.0044465,6.7347e-09,5.0032e-06,3.7662e-08,1.7889e-07,0.004103,5.6425e-08,8.9055e-10,6.6133e-05,2.9268e-08,8.327e-05,1.5353e-08,3.8184e-07,3.9472e-09,0.00017349,3.9608e-05,1.4277e-09,0.091708,0.039576,2.2547e-06,9.2904e-17,3.224e-05,2.2455e-09,1.0099e-10,1.5623e-09,6.4305e-13,0.006028,1.7008e-10,5.9482e-06,3.8943e-05,1.9898e-09,1.761e-05,1.2315e-09,0.050367,0.0056024,0.00019173,3.4509e-05,2.6787e-08,4.1797e-08,0.038976,0.023964,1.2829e-06,8.887e-06,3.9989e-11,3.8598e-07,1.8307e-08,3.5627e-08,4.885e-06,3.4481e-07,1.839e-07
0.012491,2.3913e-09,8.8468e-12,4.3347e-06,0,1.2774e-06,0.00093486,0.00023738,2.8053e-07,2.5995e-10,1.9503e-08,0.0043632,0.027878,6.0557e-11,0.022897,3.3896e-06,2.47e-10,0.00024664,0.0073129,5.0062e-11,5.4075e-12,7.522e-07,1.1742e-10,1.9688e-11,0.00032259,3.8979e-06,0.019708,3.896e-07,1.6042e-06,8.0481e-07,0.0005518,5.0198e-05,1.4006e-12,2.4784e-09,2.8374e-12,1.976e-08,2.2264e-06,3.5104e-07,0.00019934,1.3274e-05,2.7319e-11,0.00019115,1.8349e-11,0.10075,1.882e-10,5.723e-06,7.1444e-06,0.0029187,2.6342e-13,6.5908e-05,0.0033512,9.0158e-06,0.00029615,0.042556,5.4241e-08,0.00043612,0.0010871,3.3958e-12,9.8362e-07,2.896e-07,5.6123e-07,3.9119e-13,2.4988e-06,1.5102e-11,3.6422e-11,6.3456e-10,2.777e-12,2.5812e-06,2.5972e-09,0.41438,9.3269e-06,3.2319e-08,3.1111e-05,1.8329e-12,4.2643e-07,0.0001338,0.0051717,0.00073139,5.4177e-08,7.586e-10,3.0678e-05,3.5464e-05,0.054976,0.19132,3.6044e-09,3.9765e-11,2.3276e-10,0.0036484,0.023793,0.035834,0.021003
4.4216e-07,4.4067e-11,8.8522e-16,0.049004,7.0906e-07,0,1.5911e-05,5.5216e-05,5.896e-08,3.6897e-10,4.7264e-09,9.0321e-09,6.9719e-06,3.5148e-06,1.1869e-06,0.11417,1.3813e-11,1.0671e-05,8.0003e-06,6.7718e-09,4.1365e-09,0.065207,1.2865e-07,1.5691e-09,0.00049398,0.021847,4.3051e-06,0.011109,0.1806,0.15798,1.2242e-05,0.0047871,3.7838e-09,2.1137e-09,5.4672e-09,3.5709e-11,7.9897e-07,0.06399,0.00044265,0.028841,4.5142e-08,0.00038942,1.8229e-09,6.1489e-07,8.1544e-09,1.4985e-08,0.0046517,6.4878e-09,2.7531e-09,4.6004e-05,4.7324e-09,8.9345e-05,1.5087e-09,5.545e-08,3.7087e-10,7.5217e-05,1.5439e-05,4.4561e-09,0.21394,0.034431,2.2728e-07,1.5634e-17,3.1161e-06,6.7461e-09,2.5407e-10,2.1449e-10,1.0728e-13,0.0098473,2.7092e-10,8.7459e-07,4.0611e-05,1.8841e-10,1.4115e-05,3.8733e-09,0.023639,0.00048007,4.3526e-05,1.4661e-05,2.7303e-09,1.0991e-07,0.011694,0.001986,1.5659e-07,1.1959e-06,5.309e-11,1.1993e-06,5.0746e-08,6.3514e-09,1.1543e-06,5.8117e-08,2.929e-08
0.0046539,4.6165e-08,1.4898e-14,2.1146e-05,0.00054405,1.6681e-05,0,0.063269,1.7855e-09,2.3847e-08,1.5958e-06,5.9524e-05,0.0089926,1.1196e-08,0.0077442,3.8033e-05,5.9475e-09,0.070905,0.040484,1.3334e-08,1.6647e-09,4.9167e-06,3.9754e-08,4.4404e-09,0.00011248,0.00015298,0.00012796,1.1705e-06,2.5941e-05,1.4316e-05,0.16291,8.7358e-05,4.6573e-10,1.4218e-11,9.3544e-10,2.3955e-11,2.5789e-08,8.4886e-06,5.0545e-05,9.7006e-05,9.2374e-09,4.2479e-05,5.4858e-13,0.00013099,4.7509e-12,1.1884e-08,0.00053752,3.7036e-06,8.9288e-11,0.021541,1.9147e-05,0.0027835,3.2126e-07,8.15e-05,9.2194e-11,0.066556,0.27293,1.0899e-09,1.1829e-05,2.0487e-06,5.2614e-09,3.2073e-15,5.3117e-08,4.5315e-09,4.5248e-09,2.1601e-12,3.0215e-15,0.00016978,1.1412e-07,0.00053694,0.003136,5.0697e-11,0.010059,6.027e-10,1.9296e-06,3.3133e-05,0.015389,0.23725,1.6358e-10,2.3415e-07,0.00032009,2.2369e-05,5.4788e-05,0.00035477,6.5665e-08,9.6268e-09,7.1648e-08,3.6214e-05,0.0074047,0.00018124,8.0738e-05
0.0015263,6.4031e-08,4.9506e-15,9.409e-05,0.00022749,9.5328e-05,0.10419,0,2.0818e-09,5.9665e-08,3.3143e-06,1.9521e-05,0.0042923,9.0514e-08,0.0026287,0.00020146,9.5353e-09,0.097931,0.016158,5.9126e-08,8.5306e-09,2.531e-05,2.3339e-07,1.789e-08,0.0002084,0.0010228,8.69e-05,5.3692e-06,0.00015271,8.8107e-05,0.1084,0.00026205,2.6561e-09,1.8487e-11,5.2365e-09,1.4148e-11,3.3345e-08,5.6512e-05,9.4318e-05,0.00043144,5.4248e-08,7.7931e-05,1.4168e-12,6.2433e-05,1.0648e-11,8.6416e-09,0.0039622,1.3756e-06,5.6562e-10,0.13243,6.3145e-06,0.019863,1.2526e-07,2.9294e-05,6.6596e-11,0.22346,0.092769,5.8689e-09,6.732e-05,1.1109e-05,6.7379e-09,1.2753e-15,7.9859e-08,2.2454e-08,1.3471e-08,2.3977e-12,1.8246e-15,0.0012618,2.0307e-07,0.00023283,0.018926,3.534e-11,0.037929,3.3681e-09,9.5089e-06,6.4176e-05,0.013212,0.11314,1.5347e-10,1.151e-06,0.0014153,5.7786e-05,2.3224e-05,0.00017008,8.8222e-08,7.4567e-08,3.5525e-07,1.1879e-05,0.0025155,6.165e-05,2.7443e-05
2.9468e-08,6.3769e-15,3.567e-08,2.3774e-06,1.2497e-06,4.7318e-07,1.3667e-08,9.6774e-09,0,1.1136e-15,6.892e-14,5.4532e-08,2.88e-07,5.9316e-11,6.6719e-08,6.1136e-07,6.9535e-16,3.165e-09,6.5537e-08,1.2243e-14,1.8881e-14,1.6305e-06,2.9219e-13,3.0097e-15,2.0063e-05,7.2738e-08,2.2462e-05,6.7898e-06,3.2563e-07,2.6484e-07,7.0158e-09,6.231e-06,4.8877e-14,0.018747,4.4132e-14,0.00126,0.14106,1.367e-07,4.1702e-05,1.0792e-06,1.5613e-13,5.1037e-05,0.00013341,6.5012e-06,0.0012361,0.032311,2.5379e-08,4.107e-06,1.7742e-13,2.8103e-09,1.4239e-07,1.0644e-09,1.7754e-05,8.3009e-07,0.013647,2.2547e-08,1.5454e-08,2.9068e-14,5.4543e-07,1.4028e-06,0.62669,3.6236e-10,0.042559,1.9204e-14,4.0453e-16,0.0028006,1.3062e-06,2.6551e-08,6.1441e-15,1.5421e-06,6.1166e-10,0.0072163,7.0689e-10,3.9746e-14,3.2071e-06,5.6072e-05,2.819e-07,1.0246e-08,0.11205,1.7167e-13,5.6918e-07,3.1145e-05,5.3582e-06,3.3049e-06,9.6247e-15,1.3866e-11,8.3992e-14,7.2017e-08,6.8517e-08,2.4874e-07,3.1084e-07
7.9131e-08,0.043084,1.7426e-11,1.112e-09,1.8229e-09,4.6612e-09,2.8735e-07,4.3659e-07,1.753e-15,0,0.050327,1.6069e-08,1.1617e-08,3.6705e-06,4.0356e-08,4.2943e-09,0.084498,1.2642e-06,5.3623e-08,0.029025,0.0040522,1.1519e-09,0.0015659,0.053105,2.0949e-10,4.0313e-08,1.4019e-10,2.2501e-10,7.1972e-09,7.7693e-09,5.6035e-07,5.9028e-10,0.00078193,6.1585e-17,0.0012874,2.7271e-15,2.949e-14,1.2977e-08,9.9561e-11,2.961e-09,0.0013971,8.1406e-11,1.6395e-14,3.3651e-10,3.8516e-15,2.0735e-14,1.3284e-07,1.5414e-10,0.00010694,1.5163e-06,4.8015e-09,3.8358e-06,1.883e-11,1.5432e-09,6.1635e-16,1.8702e-07,2.5261e-07,0.0020695,3.809e-09,1.071e-09,6.0805e-15,1.3155e-09,8.5317e-14,0.0078922,0.46225,1.1679e-16,2.579e-13,1.0912e-07,0.20714,1.5339e-09,6.84e-06,6.7026e-16,5.9986e-06,0.0010905,4.996e-10,7.277e-11,1.4098e-08,3.843e-07,1.8472e-16,0.0076324,6.2935e-09,1.1518e-10,2.9898e-10,7.5478e-10,0.033327,1.474e-05,0.0093254,1.0794e-08,3.9076e-08,5.4446e-09,3.6037e-09
1.624e-05,0.096242,6.3519e-12,5.5458e-08,3.7754e-07,1.6483e-07,5.3082e-05,6.6949e-05,2.9949e-13,0.13893,0,2.2749e-06,2.3813e-06,4.2626e-06,8.4605e-06,1.9697e-07,0.025378,0.00022647,1.0812e-05,0.0068271,0.0005757,3.6079e-08,0.0012647,0.0054697,2.7213e-08,1.9666e-06,2.8963e-08,6.208e-09,2.7023e-07,2.4094e-07,0.0001033,5.2364e-08,0.00010045,2.3949e-15,0.00019284,7.1055e-14,4.3983e-12,3.164e-07,1.2449e-08,1.9041e-07,0.00056299,1.0239e-08,4.5196e-15,6.9676e-08,5.8715e-15,4.0681e-12,8.0206e-06,2.1619e-08,1.2057e-05,0.00020877,6.2035e-07,0.0003517,2.1475e-09,2.7373e-07,5.7371e-14,2.9202e-05,4.7028e-05,0.00029275,1.256e-07,2.5602e-08,8.9083e-13,2.1988e-10,1.0243e-11,0.0014948,0.019432,4.4349e-16,2.9862e-14,4.9304e-06,0.56829,3.1938e-07,0.00070265,4.2748e-14,0.00086951,0.00014266,1.3689e-08,8.6613e-09,2.5711e-06,7.0724e-05,3.7468e-14,0.014337,4.891e-07,1.0265e-08,5.8166e-08,1.5809e-07,0.10972,1.3193e-05,0.0079141,1.4525e-06,8.1896e-06,9.6608e-07,5.963e-07
0.010444,9.3949e-08,1.9571e-10,6.5987e-08,0.0065263,2.4339e-08,0.00015299,3.0468e-05,1.831e-08,3.4275e-09,1.7578e-07,0,0.0010567,6.124e-12,0.0051712,6.3844e-08,1.0398e-08,7.5618e-05,0.00069859,1.4352e-10,1.1837e-11,1.1582e-08,9.8313e-11,9.2136e-11,3.9363e-06,1.2072e-07,0.00028643,5.0902e-09,3.3151e-08,1.6799e-08,0.00012633,6.8987e-07,2.1918e-12,2.8772e-10,4.4626e-12,1.7983e-08,7.7059e-08,8.044e-09,2.3854e-06,2.3425e-07,2.6329e-11,2.2851e-06,1.0581e-12,0.0026144,9.3116e-12,9.0005e-07,3.2167e-07,0.0076998,2.7455e-13,1.2543e-05,0.20243,1.6694e-06,0.00073707,0.043844,2.057e-08,3.88e-05,0.00017108,6.3045e-12,1.8086e-08,4.426e-09,2.5429e-08,2.784e-11,6.161e-08,3.321e-11,4.1436e-10,1.4664e-10,8.4406e-12,1.0377e-07,5.4045e-08,0.0049848,2.3981e-06,1.5076e-08,1.1581e-05,3.0757e-12,5.9759e-09,1.5995e-06,0.00016631,0.00013733,8.8775e-09,1.0423e-09,6.3027e-07,4.3103e-07,0.006082,0.0025966,1.4123e-07,6.6271e-12,3.5886e-10,0.47377,0.005367,0.098589,0.12616
0.041783,1.2269e-08,8.4784e-13,5.7824e-05,0.051542,2.3222e-05,0.028569,0.0082809,1.1953e-07,3.063e-09,2.2743e-07,0.0013061,0,2.0776e-09,0.12856,6.0762e-05,1.3573e-09,0.0067111,0.2101,1.2091e-09,1.5014e-10,1.0404e-05,3.7667e-09,4.1475e-10,0.0018252,0.00010357,0.012142,3.847e-06,3.1628e-05,1.6001e-05,0.01561,0.00051295,4.3294e-11,9.2372e-10,8.6294e-11,2.6808e-09,1.4158e-06,7.5352e-06,0.00090742,0.00021873,8.7436e-10,0.00080765,1.473e-11,0.014435,1.4802e-10,1.2087e-06,0.00022508,0.00028104,8.9531e-12,0.0022117,0.00061792,0.00031565,2.8022e-05,0.0051086,9.6559e-09,0.01572,0.033232,9.9242e-11,1.7208e-05,3.9875e-06,3.0532e-07,5.0022e-14,2.2744e-06,4.0765e-10,5.0835e-10,1.715e-10,3.3914e-13,7.723e-05,2.0764e-08,0.054182,0.00030955,5.4113e-09,0.00090452,5.554e-11,4.9957e-06,0.00058057,0.1556,0.021731,1.4236e-08,2.1077e-08,0.00060167,0.00022204,0.0054066,0.039301,1.8113e-08,1.4263e-09,6.4505e-09,0.00090356,0.12764,0.0075853,0.0035518
2.2729e-09,5.3936e-08,3.9548e-14,8.0902e-06,4.5874e-10,4.7968e-05,1.4573e-07,7.155e-07,1.0087e-10,3.9652e-06,1.6681e-06,3.1015e-11,8.5129e-09,0,3.5951e-09,2.1201e-05,9.5509e-08,3.3411e-07,2.3635e-08,0.00047338,0.0013155,3.0388e-05,0.0095031,0.00015875,8.2605e-08,4.6807e-05,9.7079e-10,1.451e-05,5.0266e-05,9.0526e-05,1.9212e-07,7.8601e-07,0.0025423,6.6779e-11,0.0028113,9.9216e-14,5.6167e-10,0.0002269,7.0154e-08,5.7919e-06,0.0093429,6.1643e-08,4.3546e-09,2.1111e-10,2.9313e-09,4.9762e-12,3.3734e-05,2.4732e-12,0.0030516,1.9671e-06,9.0372e-12,1.5065e-05,3.2983e-13,4.4051e-11,8.1171e-13,4.7314e-07,1.2819e-07,0.0019385,5.2439e-05,5.6074e-05,2.9826e-10,1.115e-12,2.1669e-09,0.0012059,1.1529e-05,1.5511e-11,1.5127e-12,8.5987e-05,4.0737e-07,5.1375e-10,1.0505e-05,5.2273e-13,2.1298e-06,0.0022881,2.5001e-05,7.6431e-08,4.8343e-08,1.6917e-07,8.6792e-12,0.0011472,4.0684e-06,3.3149e-07,5.8328e-11,5.1239e-10,4.662e-08,0.9619,0.0014719,1.8297e-11,3.4406e-09,8.4546e-11,3.7646e-11
0.1754,3.6348e-08,1.0142e-12,4.5312e-06,0.022636,2.1139e-06,0.013156,0.0027117,1.4806e-08,5.6893e-09,4.3207e-07,0.0034178,0.068744,4.6917e-10,0,5.4046e-06,3.8542e-09,0.0044535,0.072907,1.1409e-09,1.1693e-10,8.4286e-07,2.1737e-09,4.6183e-10,0.00012456,1.2342e-05,0.0015577,2.8404e-07,3.0076e-06,1.547e-06,0.0090976,3.6607e-05,2.804e-11,1.2048e-10,5.7457e-11,8.604e-10,1.4708e-07,7.7809e-07,6.2441e-05,1.8255e-05,5.131e-10,5.5859e-05,1.2956e-12,0.0042694,1.3311e-11,2.4224e-07,3.3529e-05,0.00024059,4.6508e-12,0.00091211,0.0012459,0.00011675,1.977e-05,0.0054347,2.2491e-09,0.0038688,0.015038,7.1094e-11,1.5406e-06,3.2586e-07,3.3631e-08,1.1851e-13,2.0649e-07,3.302e-10,8.2778e-10,2.7622e-11,1.3526e-13,1.083e-05,4.9692e-08,0.019848,0.00014119,1.3436e-09,0.00056196,3.7353e-11,3.8528e-07,3.9995e-05,0.014042,0.011024,2.3731e-09,1.5998e-08,5.3767e-05,1.5153e-05,0.0025929,0.010079,5.4254e-08,3.9948e-10,4.9472e-09,0.0021753,0.51558,0.012622,0.0056205
1.4833e-06,7.3584e-11,1.5081e-15,0.10351,2.5045e-06,0.15197,4.8288e-05,0.00015532,1.014e-07,4.5247e-10,7.5181e-09,3.1537e-08,2.4283e-05,2.0678e-06,4.0393e-06,0,1.9885e-11,2.9418e-05,2.67e-05,6.1583e-09,3.1881e-09,0.050596,1.0579e-07,1.4234e-09,0.0015633,0.040367,1.4549e-05,0.0097091,0.17013,0.090053,3.5756e-05,0.014953,2.6236e-09,2.7843e-09,3.9299e-09,7.0089e-11,1.4963e-06,0.036152,0.0013078,0.10083,3.4676e-08,0.001134,1.5678e-09,2.1379e-06,7.9363e-09,3.4847e-08,0.0094221,2.2389e-08,1.7097e-09,0.00011478,1.6694e-08,0.00018019,4.9631e-09,1.9579e-07,7.0093e-10,0.00022486,4.7278e-05,3.2897e-09,0.11423,0.021728,3.9341e-07,1.6568e-17,5.6508e-06,5.5206e-09,2.6657e-10,2.8039e-10,1.204e-13,0.015535,4.1495e-10,3.0875e-06,8.2883e-05,3.526e-10,3.2807e-05,2.7406e-09,0.018638,0.001356,0.00015026,4.3734e-05,4.6744e-09,1.0946e-07,0.040461,0.0051057,5.4459e-07,4.2e-06,9.1103e-11,7.4589e-07,4.7264e-08,2.2278e-08,3.9322e-06,2.0479e-07,1.0341e-07
7.1364e-08,0.41498,5.7863e-10,5.3938e-11,1.8195e-09,1.8332e-10,7.5285e-08,7.3297e-08,1.1498e-15,0.088766,0.0096575,5.1208e-08,5.4081e-09,9.2876e-08,2.872e-08,1.9826e-10,0,2.9151e-07,2.1155e-08,0.00080583,0.00016944,4.1828e-11,3.7849e-05,0.0020463,2.9422e-11,1.9735e-09,8.3464e-11,7.5344e-12,2.9418e-10,2.8609e-10,1.4319e-07,4.8367e-11,4.033e-05,2.2098e-16,5.7198e-05,1.13e-13,7.8269e-15,4.2882e-10,1.3262e-11,1.7656e-10,3.9146e-05,1.0987e-11,4.2157e-15,3.666e-10,4.3347e-16,7.2452e-14,7.6542e-09,6.6246e-10,7.1387e-06,2.0853e-07,1.9517e-08,3.2151e-07,1.3186e-10,3.2855e-09,1.6335e-14,3.2989e-08,6.8061e-08,9.1976e-05,1.4384e-10,3.4162e-11,1.8714e-15,3.1003e-08,1.2815e-14,0.00026531,0.02909,2.0118e-15,4.3214e-12,5.1194e-09,0.17861,1.4477e-09,6.4332e-07,2.2578e-14,8.7673e-07,5.4017e-05,1.6817e-11,8.991e-12,3.8499e-09,9.8736e-08,1.8151e-15,0.00018028,4.471e-10,9.5514e-12,4.9443e-10,6.6224e-10,0.27488,3.8394e-07,0.00021779,3.882e-08,2.8117e-08,1.0779e-08,8.8797e-09
0.0035728,2.8701e-07,1.2484e-14,1.824e-05,0.00024474,1.9076e-05,0.1209,0.1014,7.0499e-10,1.7889e-07,1.1609e-05,5.0164e-05,0.0036018,4.3763e-08,0.0044699,3.9507e-05,3.9266e-08,0,0.017003,9.743e-08,1.1593e-08,4.957e-06,2.5311e-07,3.3241e-08,5.3605e-05,0.00021774,4.8866e-05,1.0413e-06,3.0817e-05,1.8154e-05,0.23192,5.4721e-05,3.0745e-09,5.7195e-12,6.2317e-09,9.6381e-12,1.0482e-08,1.2229e-05,2.4063e-05,8.3694e-05,5.9158e-08,2.0049e-05,2.9851e-13,5.4862e-05,2.3832e-12,4.5465e-09,0.00090705,1.994e-06,5.4851e-10,0.085138,1.448e-05,0.011945,1.6421e-07,4.5135e-05,3.5417e-11,0.055519,0.10503,7.4174e-09,1.3468e-05,2.2019e-06,2.1275e-09,6.3198e-15,2.2662e-08,3.1936e-08,3.4508e-08,8.383e-13,1.2537e-15,0.0002968,7.8829e-07,0.00023506,0.016498,1.9584e-11,0.067704,4.0248e-09,1.8533e-06,1.602e-05,0.0060401,0.16178,6.2485e-11,1.6365e-06,0.00027494,1.2637e-05,2.4916e-05,0.0001471,4.0219e-07,4.3341e-08,5.0085e-07,2.9659e-05,0.0042703,0.00011374,5.1347e-05
0.042669,3.5345e-08,2.2087e-13,3.8359e-05,0.010365,2.0428e-05,0.098598,0.023898,2.0851e-08,1.0838e-08,7.9162e-07,0.00066197,0.16107,4.4221e-09,0.10453,5.1217e-05,4.0703e-09,0.024287,0,4.3745e-09,5.2506e-10,7.4928e-06,1.2339e-08,1.5213e-09,0.00059961,0.00012961,0.0019782,2.2482e-06,2.969e-05,1.5432e-05,0.056041,0.00025586,1.4469e-10,1.6076e-10,2.9099e-10,4.3861e-10,2.6451e-07,7.9695e-06,0.00028006,0.00016309,2.8669e-09,0.00024249,3.3138e-12,0.0024767,3.2126e-11,1.9302e-07,0.00035532,6.5872e-05,2.7867e-11,0.0069285,0.00024794,0.0009243,5.922e-06,0.0013904,1.5414e-09,0.038606,0.11473,3.4067e-10,1.4765e-05,2.9371e-06,5.5744e-08,2.3143e-14,4.6376e-07,1.4391e-09,1.8448e-09,2.8343e-11,5.6435e-14,0.00011493,6.738e-08,0.010263,0.00098586,8.6526e-10,0.0031741,1.8754e-10,3.2541e-06,0.00017935,0.10388,0.076353,2.3199e-09,7.4071e-08,0.00050176,8.6063e-05,0.001044,0.0066734,5.1643e-08,3.4452e-09,2.2661e-08,0.00042274,0.10071,0.002716,0.0012145
3.1031e-09,9.3451e-05,3.0159e-13,4.3198e-09,9.8176e-11,2.3924e-08,4.4933e-08,1.2099e-07,5.3894e-15,0.008117,0.00069162,1.8817e-10,1.2825e-09,0.00012255,2.2632e-09,1.6345e-08,0.00021452,1.9256e-07,6.0527e-09,0,0.08761,7.6012e-09,0.042845,0.24743,1.9158e-10,1.1378e-07,2.0098e-11,1.9212e-09,3.3176e-08,4.3989e-08,8.2919e-08,1.0453e-09,0.015512,2.2664e-15,0.030208,6.3879e-18,6.3176e-14,9.0004e-08,1.0741e-10,7.4277e-09,0.051247,8.8469e-11,3.8678e-13,2.0112e-11,1.3185e-13,2.2958e-15,2.4579e-07,1.9859e-12,0.0018589,4.7777e-07,4.8468e-11,2.3809e-06,1.7042e-13,3.4833e-11,3.0255e-17,5.3902e-08,3.868e-08,0.045319,2.1494e-08,9.2642e-09,1.9779e-14,3.371e-11,2.4897e-13,0.23437,0.02475,9.7064e-16,4.2879e-14,3.0579e-07,0.00057242,9.0292e-11,3.1884e-06,1.6468e-17,1.4035e-06,0.021994,4.0326e-09,9.0521e-11,3.0583e-09,5.9382e-08,2.9922e-16,0.049094,1.0976e-08,2.3822e-10,1.0931e-11,5.3069e-11,7.463e-05,0.00050993,0.13736,1.1558e-10,2.1709e-09,1.1708e-10,6.3409e-11
1.422e-10,6.3609e-06,3.7342e-13,1.1712e-09,5.139e-12,7.0821e-09,2.7185e-09,8.4595e-09,4.0279e-15,0.00054917,2.8263e-05,7.521e-12,7.7173e-11,0.00016503,1.1241e-10,4.1006e-09,2.186e-05,1.1103e-08,3.5206e-10,0.042456,0,2.8054e-09,0.014159,0.039487,2.825e-11,2.1809e-08,1.509e-12,9.0452e-10,9.0302e-09,1.3463e-08,4.8559e-09,1.965e-10,0.090437,7.6761e-15,0.16422,2.5499e-17,2.6489e-14,3.0479e-08,1.7665e-11,1.5269e-09,0.047534,1.4753e-11,1.8383e-12,1.1271e-12,4.9155e-13,3.5426e-16,3.6251e-08,8.1843e-14,0.010865,3.3171e-08,1.9288e-12,1.9541e-07,6.8573e-15,1.5251e-12,4.934e-17,3.9258e-09,2.3359e-09,0.26077,6.7996e-09,4.094e-09,1.2122e-14,3.9862e-11,1.0606e-13,0.18143,0.0029952,4.9717e-15,1.6322e-13,5.5477e-08,3.1855e-05,4.8502e-12,2.3341e-07,4.4808e-17,8.5687e-08,0.12845,1.7625e-09,1.6119e-11,2.2263e-10,3.5526e-09,4.3986e-16,0.0036752,1.8277e-09,5.2398e-11,5.4249e-13,3.04e-12,4.8153e-06,0.00070438,0.012009,4.6038e-12,1.0767e-10,5.0178e-12,2.6524e-12
2.5204e-07,1.4436e-11,5.192e-15,0.079229,6.2921e-07,0.098265,7.0671e-06,2.2092e-05,3.0616e-07,1.3741e-10,1.559e-09,6.4772e-09,4.7072e-06,3.3555e-06,7.1318e-07,0.057281,4.7497e-12,4.1788e-06,4.4221e-06,3.2423e-09,2.4693e-09,0,6.824e-08,7.6026e-10,0.00073988,0.0071996,5.5893e-06,0.077748,0.058815,0.066734,5.1368e-06,0.0064869,2.6966e-09,1.3585e-08,3.6431e-09,1.6837e-10,3.7126e-06,0.038285,0.00080929,0.020962,2.6571e-08,0.00074241,1.2621e-08,6.8472e-07,5.7088e-08,5.3737e-08,0.0015464,7.9755e-09,2.476e-09,1.6559e-05,3.9002e-09,2.9391e-05,2.413e-09,5.1013e-08,1.7987e-09,3.2534e-05,6.9623e-06,2.8445e-09,0.13118,0.17451,1.1623e-06,1.0912e-16,1.4824e-05,3.682e-09,1.0706e-10,1.391e-09,7.4193e-13,0.0031944,9.0567e-11,7.9318e-07,1.3383e-05,9.2711e-10,4.8678e-06,2.6605e-09,0.16383,0.00097588,2.7363e-05,6.3389e-06,1.4482e-08,4.7131e-08,0.0066917,0.0045506,1.7636e-07,1.1937e-06,1.7311e-11,1.0091e-06,2.3375e-08,4.773e-09,6.9659e-07,4.605e-08,2.4505e-08
6.1852e-09,8.3275e-06,2.9188e-14,1.0673e-07,3.1743e-10,6.2659e-07,1.8467e-07,6.5839e-07,1.7732e-13,0.00060367,0.00017662,1.7769e-10,5.5078e-09,0.0033913,5.9443e-09,3.8707e-07,1.389e-05,6.8961e-07,2.3535e-08,0.059064,0.040277,2.2054e-07,0,0.015203,2.939e-09,2.2264e-06,1.3632e-10,6.0561e-08,8.2918e-07,1.1766e-06,3.1306e-07,1.9891e-08,0.01674,5.5094e-14,0.03236,9.6967e-17,1.8015e-12,2.5424e-06,1.8181e-09,1.5245e-07,0.34257,1.5149e-09,4.664e-12,7.8955e-11,2.4913e-12,3.4918e-14,3.7767e-06,2.9192e-12,0.0031537,2.5117e-06,4.4068e-11,1.6539e-05,2.2917e-13,6.4454e-11,1.0123e-15,3.1975e-07,1.5873e-07,0.033557,5.8289e-07,2.8811e-07,6.303e-13,3.1789e-12,7.2309e-12,0.077004,0.0013826,1.3504e-14,2.3092e-14,5.7228e-06,6.1336e-05,3.1219e-10,1.7951e-05,5.6726e-16,5.5122e-06,0.020856,1.245e-07,1.6379e-09,1.8736e-08,2.3688e-07,1.0307e-14,0.11882,1.8927e-07,5.077e-09,3.2027e-11,2.1518e-10,7.1114e-06,0.012909,0.22178,1.0427e-10,5.6827e-09,1.8987e-10,9.1642e-11
1.8778e-09,0.00023325,1.7611e-12,1.3518e-09,5.2276e-11,7.5058e-09,2.026e-08,4.9568e-08,1.7939e-15,0.020108,0.00075024,1.6356e-10,5.9564e-10,5.5641e-05,1.2404e-09,5.115e-09,0.00073757,8.8951e-08,2.85e-09,0.33501,0.11032,2.4132e-09,0.014932,0,6.3391e-11,3.5916e-08,8.4217e-12,6.2467e-10,1.0387e-08,1.3826e-08,3.8104e-08,3.3287e-10,0.021041,1.6323e-15,0.03513,3.6968e-17,1.9869e-14,2.8483e-08,3.4963e-11,2.3417e-09,0.024496,2.8755e-11,4.1225e-13,1.0215e-11,1.0455e-13,8.3554e-16,7.9645e-08,1.5803e-12,0.0027236,1.946e-07,4.4097e-11,8.8723e-07,1.5245e-13,2.3533e-11,1.0976e-17,2.1733e-08,1.7482e-08,0.05649,6.7621e-09,2.9979e-09,6.4291e-15,1.9624e-10,7.8603e-14,0.18604,0.10113,1.2423e-15,1.8929e-13,9.6786e-08,0.0011421,4.6955e-11,1.2465e-06,1.0855e-17,6.1253e-07,0.029512,1.3009e-09,2.9155e-11,1.2564e-09,2.6933e-08,1.1682e-16,0.016432,3.5262e-09,7.5081e-11,6.278e-12,2.6244e-11,0.00017677,0.0002378,0.043303,1.0356e-10,1.1921e-09,8.1555e-11,4.6913e-11
5.336e-05,3.7374e-11,2.8306e-13,0.0060383,0.00042012,0.001159,0.00025171,0.00028321,5.8654e-06,3.8908e-11,1.8309e-09,3.4273e-06,0.0012857,1.4201e-08,0.00016409,0.0027556,5.2017e-12,7.0358e-05,0.00055096,1.2723e-10,3.8714e-11,0.0011519,1.4159e-09,3.1093e-11,0,0.00087043,0.0053343,0.00081532,0.001163,0.00062914,0.0001366,0.073364,2.3902e-11,6.0318e-08,3.8985e-11,1.1009e-08,0.00010006,0.00025024,0.31902,0.01004,3.9393e-10,0.26549,3.3903e-09,0.00061214,3.0028e-08,7.9571e-06,0.00053906,7.6376e-06,1.2536e-11,9.2063e-05,2.7043e-06,3.723e-05,2.1407e-06,3.8979e-05,8.5915e-08,0.00063397,0.00027294,3.5205e-11,0.00099858,0.00047053,2.0552e-05,2.8601e-15,0.00026611,7.9674e-11,1.1653e-11,7.175e-09,3.2046e-12,0.00035667,1.0993e-10,0.0005449,2.1676e-05,4.3054e-08,2.2235e-05,2.6252e-11,0.00079944,0.20871,0.0039594,0.00019558,3.374e-07,2.7381e-09,0.010853,0.077829,0.00016129,0.00093715,5.2676e-11,5.3551e-09,9.7195e-10,2.8078e-06,0.00016327,2.7683e-05,1.6575e-05
7.396e-06,1.3976e-09,4.1079e-16,0.020933,5.5253e-06,0.05579,0.00037264,0.0015128,2.3145e-08,8.1491e-09,1.4401e-07,1.1441e-07,7.9407e-05,8.7585e-06,1.7696e-05,0.077445,3.7976e-10,0.00031105,0.00012963,8.2241e-08,3.253e-08,0.0122,1.1674e-06,1.9174e-08,0.0009474,0,1.5954e-05,0.0021089,0.093583,0.062353,0.00031811,0.0068937,2.1249e-08,5.4601e-10,3.4487e-08,1.9588e-11,3.6502e-07,0.042667,0.00062515,0.050383,3.4095e-07,0.00052314,3.3723e-10,3.2682e-06,1.582e-09,1.211e-08,0.16434,3.4542e-08,1.0188e-08,0.001503,4.8837e-08,0.0031578,5.4225e-09,4.4548e-07,1.8276e-10,0.0017698,0.00035231,3.0705e-08,0.040107,0.0065188,8.9641e-08,3.964e-18,1.3199e-06,6.2561e-08,4.2882e-09,5.5008e-11,2.3117e-14,0.28247,7.9548e-09,6.5091e-06,0.0014367,9.1266e-11,0.00048835,2.3299e-08,0.0043854,0.00056928,0.00051338,0.0003606,1.0798e-09,1.6051e-06,0.061129,0.0016166,8.6345e-07,7.4453e-06,1.7188e-09,3.9797e-06,6.4072e-07,7.534e-08,1.7099e-05,5.9682e-07,2.8067e-07
0.0029988,5.1156e-10,3.5635e-11,0.00017151,0.093506,3.6797e-05,0.0010432,0.00043022,2.3922e-05,9.4849e-11,7.0985e-09,0.00090855,0.031158,6.0801e-10,0.0074755,9.3425e-05,5.3755e-11,0.00023365,0.0066218,4.8623e-11,7.5333e-12,3.1702e-05,2.3924e-10,1.5048e-11,0.019433,5.3397e-05,0,2.3801e-05,4.0367e-05,2.0858e-05,0.00054464,0.0021662,2.8074e-12,1.8809e-07,5.2641e-12,4.2072e-07,0.00024241,8.4275e-06,0.015215,0.0003695,5.7244e-11,0.015469,2.0349e-09,0.26344,2.1019e-08,0.00024041,5.9676e-05,0.0036956,8.5682e-13,0.00010894,0.00098147,1.9972e-05,0.00084779,0.0144,1.856e-06,0.00096038,0.0012042,5.5267e-12,3.0383e-05,1.2864e-05,5.5921e-05,6.3951e-13,0.000309,1.9157e-11,1.5789e-11,3.6552e-08,5.3979e-11,2.7083e-05,7.0524e-10,0.1223,1.6065e-05,1.0092e-06,3.5579e-05,3.4024e-12,2.2085e-05,0.010981,0.017002,0.00078103,3.0329e-06,9.621e-10,0.00061132,0.0024707,0.075176,0.26462,7.6617e-10,2.8183e-10,2.9944e-10,0.00084873,0.0076494,0.0073748,0.0053962
1.6226e-07,4.9314e-12,5.3904e-14,0.050424,6.5021e-07,0.033399,3.3566e-06,9.3504e-06,2.5437e-06,5.355e-11,5.3521e-10,5.6794e-09,3.4726e-06,3.1967e-06,4.795e-07,0.02193,1.7069e-12,1.7513e-06,2.6472e-06,1.6349e-09,1.5884e-09,0.15512,3.7386e-08,3.9263e-10,0.0010448,0.0024829,8.3723e-06,0,0.020035,0.023434,2.3085e-06,0.0066547,2.109e-09,1.4663e-07,2.6344e-09,1.3248e-09,2.6133e-05,0.015743,0.0014221,0.010979,1.6405e-08,0.001379,1.4438e-07,9.1025e-07,6.688e-07,2.9252e-07,0.00053916,1.2964e-08,2.5163e-09,6.3202e-06,4.047e-09,1.02e-05,5.4269e-09,5.7547e-08,1.4345e-08,1.4802e-05,3.3589e-06,1.9673e-09,0.044728,0.18723,9.3646e-06,1.272e-15,0.00010526,2.1381e-09,4.7925e-11,1.5214e-08,8.6444e-12,0.0010854,3.1509e-11,8.3572e-07,4.6572e-06,7.5481e-09,1.7839e-06,1.9976e-09,0.40812,0.0019143,1.8068e-05,2.9322e-06,1.2602e-07,2.0809e-08,0.0033194,0.0087715,2.4445e-07,1.3865e-06,5.8926e-12,8.6272e-07,1.1156e-08,4.4374e-09,4.707e-07,4.3929e-08,2.5123e-08
7.196e-07,8.1535e-11,6.6964e-16,0.043772,9.9931e-07,0.20267,2.7768e-05,9.9265e-05,4.5535e-08,6.3936e-10,8.696e-09,1.3806e-08,1.0657e-05,4.1334e-06,1.8951e-06,0.14344,2.4877e-11,1.9346e-05,1.3049e-05,1.0538e-08,5.9192e-09,0.0438,1.9106e-07,2.4369e-09,0.00055628,0.041125,5.3001e-06,0.0074781,0,0.1706,2.175e-05,0.0053176,5.0721e-09,1.4994e-09,7.5041e-09,2.8988e-11,6.3975e-07,0.070966,0.00046683,0.037152,6.4554e-08,0.00040569,1.2194e-09,8.0433e-07,5.4943e-09,1.3309e-08,0.0087502,8.3484e-09,3.3982e-09,8.5218e-05,6.9358e-09,0.00016824,1.7871e-09,7.7906e-08,2.9652e-10,0.00013191,2.682e-05,6.2176e-09,0.14521,0.023326,1.7614e-07,1.0471e-17,2.4654e-06,9.9759e-09,4.182e-10,1.5169e-10,7.3297e-14,0.018372,4.9467e-10,1.2228e-06,7.6473e-05,1.4994e-10,2.6417e-05,5.2621e-09,0.015829,0.00048825,6.7581e-05,2.5804e-05,2.1006e-09,1.7807e-07,0.01756,0.0018972,2.0516e-07,1.6177e-06,9.8594e-11,1.4837e-06,7.9917e-08,9.5757e-09,1.8407e-06,8.5668e-08,4.2513e-08
3.9583e-07,7.5286e-11,6.1154e-16,0.03033,5.3037e-07,0.18755,1.6211e-05,6.0587e-05,3.9177e-08,7.3013e-10,8.2021e-09,7.401e-09,5.7033e-06,7.875e-06,1.0312e-06,0.080318,2.5593e-11,1.2056e-05,7.1749e-06,1.4782e-08,9.3359e-09,0.052573,2.868e-07,3.4314e-09,0.00031834,0.028987,2.8972e-06,0.0092534,0.18047,0,1.3035e-05,0.0030768,8.6147e-09,1.5655e-09,1.2426e-08,2.3021e-11,5.1669e-07,0.14305,0.00027877,0.0202,1.0185e-07,0.00024442,1.7244e-09,4.3121e-07,7.0813e-09,9.3315e-09,0.0062516,4.4909e-09,6.2302e-09,5.6379e-05,3.6877e-09,0.00012818,9.9124e-10,4.1349e-08,2.4101e-10,7.731e-05,1.5568e-05,1.0107e-08,0.17461,0.035443,1.5045e-07,1.5608e-17,2.0283e-06,1.5077e-08,5.3331e-10,1.6015e-10,8.8553e-14,0.015198,4.8312e-10,6.492e-07,5.8131e-05,1.2284e-10,1.8468e-05,8.8117e-09,0.020438,0.00029971,3.6304e-05,1.524e-05,1.8236e-09,2.3293e-07,0.0093294,0.0012303,1.0992e-07,8.6177e-07,8.9242e-11,2.7171e-06,1.0985e-07,5.1156e-09,1.001e-06,4.5571e-08,2.258e-08
0.0042414,9.7545e-08,1.3312e-14,1.6327e-05,0.0003628,1.4501e-05,0.18406,0.074369,1.0355e-09,5.2539e-08,3.5084e-06,5.5531e-05,0.0055512,1.6674e-08,0.0060505,3.1818e-05,1.278e-08,0.15368,0.025996,2.78e-08,3.3595e-09,4.0375e-06,7.6137e-08,9.4354e-09,6.8963e-05,0.00014755,7.5476e-05,9.0944e-07,2.2956e-05,1.3005e-05,0,5.9398e-05,9.0933e-10,8.2657e-12,1.8367e-09,1.4782e-11,1.5031e-08,8.1366e-06,3.0953e-05,7.5261e-05,1.7739e-08,2.5932e-05,3.4738e-13,8.3313e-05,2.9332e-12,7.0299e-09,0.00056325,2.7248e-06,1.6714e-10,0.03499,1.6868e-05,0.0044973,2.2922e-07,6.1161e-05,5.4807e-11,0.05596,0.1613,2.168e-09,1.0253e-05,1.7248e-06,3.0629e-09,4.1827e-15,3.1327e-08,9.2168e-09,9.9227e-09,1.2515e-12,1.8971e-15,0.00017938,2.4829e-07,0.00035193,0.0055639,3.0307e-11,0.020195,1.185e-09,1.5493e-06,2.0392e-05,0.0089313,0.24576,9.5059e-11,4.741e-07,0.00024908,1.4572e-05,3.6696e-05,0.00022422,1.3814e-07,1.5364e-08,1.4505e-07,3.3257e-05,0.0057804,0.00014581,6.5279e-05
2.2801e-05,6.8642e-11,6.0315e-14,0.080142,9.3205e-05,0.016013,0.00027872,0.00050772,2.5971e-06,1.563e-10,5.0226e-09,8.5637e-07,0.00051514,1.9265e-07,6.8754e-05,0.037576,1.2191e-11,0.0001024,0.00033518,9.8966e-10,3.8392e-10,0.014399,1.3662e-08,2.3277e-10,0.10459,0.0090297,0.00084776,0.0074037,0.01585,0.0086691,0.00016774,0,2.7342e-10,3.8457e-08,4.2744e-10,2.8114e-09,4.3898e-05,0.0034472,0.086309,0.12759,4.0761e-09,0.073582,5.4723e-09,0.00010695,4.0286e-08,1.7784e-06,0.0040283,1.2166e-06,1.6186e-10,0.00021779,5.7214e-07,0.00014552,3.1644e-07,7.7696e-06,2.5076e-08,0.00099739,0.00028988,3.7143e-10,0.01375,0.0056592,9.8229e-06,5.4338e-16,0.00014424,7.3002e-10,6.2481e-11,4.0842e-09,1.535e-12,0.0034318,2.7432e-10,0.0001186,7.5148e-05,1.2501e-08,5.2261e-05,2.9267e-10,0.0086062,0.08308,0.0024408,0.00022859,1.2822e-07,2.012e-08,0.09221,0.19651,2.7503e-05,0.00018438,9.2234e-11,7.0275e-08,7.7099e-09,6.5829e-07,6.7707e-05,6.486e-06,3.5883e-06
3.0368e-11,1.25e-06,6.3116e-13,1.0149e-09,1.289e-12,6.2738e-09,7.3654e-10,2.5508e-09,1.0098e-14,0.00010263,4.7759e-06,1.3486e-12,2.1552e-11,0.00030887,2.6104e-11,3.268e-09,5.0387e-06,2.8517e-09,9.3953e-11,0.0072798,0.087583,2.967e-09,0.0056988,0.0072934,1.6891e-11,1.3796e-08,5.4459e-13,1.1631e-09,7.4938e-09,1.2031e-08,1.2729e-09,1.3553e-10,0,3.7517e-14,0.24327,1.3345e-16,4.2432e-14,2.8688e-08,1.1614e-11,1.0766e-09,0.02436,9.8444e-12,9.8041e-12,3.0825e-13,2.4031e-12,3.7581e-16,1.8764e-08,1.5739e-14,0.060186,9.7857e-09,3.4212e-13,6.3874e-08,1.2693e-15,3.1586e-13,2.3809e-16,1.2347e-09,6.3281e-10,0.17197,6.3202e-09,4.869e-09,2.5619e-14,5.787e-11,1.6216e-13,0.032723,0.00063975,2.7351e-14,6.0632e-13,3.3036e-08,5.7483e-06,1.2498e-12,6.9913e-08,2.3849e-16,2.2607e-08,0.35374,2.1204e-09,1.1287e-11,7.2545e-11,9.5101e-10,1.7282e-15,0.00086554,1.0993e-09,4.1826e-11,1.3138e-13,8.3965e-13,9.2791e-07,0.0012175,0.0027412,8.1834e-13,2.4977e-11,1.0055e-12,5.1534e-13
5.9362e-10,4.9227e-16,2.0859e-06,1.4862e-07,2.5867e-08,3.9743e-08,2.5499e-10,2.0134e-10,0.043922,9.166e-17,1.2912e-15,2.0076e-09,5.2145e-09,9.2004e-11,1.2719e-09,3.933e-08,3.1308e-16,6.016e-11,1.1838e-09,1.2062e-14,8.4301e-14,1.695e-07,2.127e-13,6.4161e-15,4.8338e-07,4.0202e-09,4.1376e-07,9.1699e-07,2.5122e-08,2.4793e-08,1.3121e-10,2.1617e-07,4.2544e-13,0,2.6421e-13,0.0077994,0.0031025,1.5913e-08,1.0474e-06,4.985e-08,2.4977e-13,1.2763e-06,0.017726,1.3846e-07,0.08875,0.0017899,1.1105e-09,2.0004e-07,2.9938e-12,6.2608e-11,6.3462e-09,3.1067e-11,1.4625e-06,2.4005e-08,0.036033,4.6363e-10,2.8718e-10,1.6403e-13,4.9877e-08,1.9838e-07,0.015314,3.3881e-08,0.0012911,4.4287e-14,5.9561e-16,0.57377,0.00021923,1.5155e-09,1.3295e-16,3.1382e-08,1.638e-11,0.031752,1.5198e-11,3.0671e-13,4.1087e-07,1.4841e-06,5.2615e-09,1.9162e-10,0.17852,3.7655e-14,2.1394e-08,1.1147e-06,1.3617e-07,6.5864e-08,6.4601e-16,2.3191e-11,3.4454e-14,2.8997e-09,1.309e-09,6.8758e-09,9.7635e-09
5.1116e-11,1.6099e-06,3.0152e-13,1.2012e-09,2.1307e-12,7.3963e-09,1.2071e-09,4.1033e-09,7.4394e-15,0.00013787,7.4805e-06,2.2405e-12,3.505e-11,0.00027868,4.3644e-11,3.9941e-09,5.8307e-06,4.7161e-09,1.5417e-10,0.011567,0.12977,3.2705e-09,0.0089886,0.0099353,2.2478e-11,1.8269e-08,8.3319e-13,1.1854e-09,9.0461e-09,1.416e-08,2.0978e-09,1.7287e-10,0.19849,1.901e-14,0,5.4422e-17,3.8393e-14,3.3199e-08,1.4974e-11,1.3689e-09,0.037589,1.2625e-11,4.5772e-12,5.0148e-13,1.2193e-12,3.8658e-16,2.644e-08,2.6493e-14,0.024807,1.5825e-08,5.6645e-13,1.0138e-07,2.1303e-15,5.3206e-13,1.2097e-16,1.968e-09,1.037e-09,0.25401,7.3224e-09,5.1349e-09,2.0503e-14,2.9277e-11,1.5042e-13,0.052712,0.00078328,1.2215e-14,2.4269e-13,4.4668e-08,7.9677e-06,2.057e-12,1.1293e-07,1.1184e-16,3.7282e-08,0.26368,2.222e-09,1.4247e-11,1.1444e-10,1.5619e-09,1.0043e-15,0.0014555,1.472e-09,5.0616e-11,2.1797e-13,1.3647e-12,1.2135e-06,0.0011516,0.0046184,1.3556e-12,4.1764e-11,1.6945e-12,8.6758e-13
4.3028e-09,2.1639e-13,7.3947e-05,2.3479e-09,1.2959e-07,4.219e-10,2.6996e-10,9.6819e-11,0.0018549,2.5505e-15,2.4072e-14,7.8848e-08,9.5095e-09,8.5894e-14,5.7078e-09,6.2212e-10,1.006e-13,6.3702e-11,2.0295e-09,2.1363e-17,1.7596e-16,1.3201e-09,2.3523e-16,9.131e-17,5.5438e-08,9.0624e-11,5.8156e-07,5.2058e-09,3.0518e-10,2.291e-10,1.4745e-10,9.9304e-09,9.5094e-16,0.0049009,4.7529e-16,0,0.00015948,1.1159e-10,9.7968e-08,1.3858e-09,2.1517e-16,1.1883e-07,3.2092e-05,6.2097e-07,8.7477e-05,0.0047556,4.2804e-11,7.1906e-06,7.85e-15,2.4508e-11,3.0922e-07,4.7489e-12,8.5944e-05,3.9315e-07,0.33047,2.1575e-10,3.138e-10,3.2803e-16,4.6857e-10,1.0799e-09,0.00050584,6.595e-07,4.039e-05,6.2204e-17,9.0826e-16,0.012902,0.00044716,3.3811e-11,3.39e-14,1.3979e-07,3.6213e-12,0.61004,8.585e-12,6.7439e-16,2.4816e-09,1.155e-07,3.8175e-09,2.048e-10,0.033626,2.2361e-16,9.5211e-10,4.3175e-08,1.1875e-06,2.3365e-07,2.6772e-13,2.0827e-14,7.5893e-17,1.2937e-07,5.9537e-09,1.1841e-07,2.2238e-07
2.0831e-07,3.541e-14,1.9289e-09,2.7303e-05,7.8092e-06,5.0487e-06,1.5543e-07,1.2204e-07,0.11106,1.4751e-14,7.9695e-13,1.807e-07,2.686e-06,2.6006e-10,5.2185e-07,7.1031e-06,3.7267e-15,3.7051e-08,6.5458e-07,1.13e-13,9.7766e-14,1.5568e-05,2.3373e-12,2.6247e-14,0.00026949,9.0323e-07,0.00017921,5.4924e-05,3.6022e-06,2.7501e-06,8.0185e-08,8.2927e-05,1.6171e-13,0.0010427,1.7933e-13,8.5295e-05,0,1.3296e-06,0.00056407,1.3679e-05,9.9013e-13,0.0006902,1.5706e-05,3.6816e-05,0.00016165,0.015208,3.3283e-07,8.3218e-06,3.402e-13,3.6465e-08,3.7606e-07,1.4424e-08,1.9769e-05,3.2245e-06,0.00088718,2.8265e-07,1.7443e-07,1.2798e-13,5.626e-06,1.1792e-05,0.38684,1.8342e-11,0.47526,1.294e-13,5.1293e-15,0.0001352,5.9686e-08,3.301e-07,5.7409e-14,9.91e-06,8.2299e-09,0.00044871,9.0287e-09,1.4388e-13,2.7372e-05,0.00076106,3.1932e-06,1.1706e-07,0.0055653,1.9307e-12,7.5497e-06,0.00040847,2.2935e-05,2.1799e-05,5.3088e-14,6.3778e-11,8.4729e-13,2.1608e-07,5.3303e-07,1.0664e-06,1.1384e-06
3.7495e-07,1.7844e-10,6.6948e-16,0.022685,4.207e-07,0.13816,1.7481e-05,7.0671e-05,3.6774e-08,2.2178e-09,1.9588e-08,6.445e-09,4.8844e-06,3.5896e-05,9.4323e-07,0.058639,6.9762e-11,1.477e-05,6.7385e-06,5.5002e-08,3.8436e-08,0.054851,1.127e-06,1.2856e-08,0.00023027,0.036072,2.1287e-06,0.011305,0.13653,0.26015,1.4831e-05,0.0022249,3.7356e-08,1.8272e-09,5.2983e-08,2.0392e-11,4.5427e-07,0,0.00020225,0.014921,4.1797e-07,0.00017767,2.9976e-09,3.2529e-07,1.0724e-08,7.3826e-09,0.0086646,3.3662e-09,2.8105e-08,7.5723e-05,3.0577e-09,0.00021253,7.2152e-10,3.2818e-08,2.1701e-10,8.3264e-05,1.6589e-05,4.2547e-08,0.14413,0.051969,1.397e-07,3.8737e-17,1.8052e-06,5.9936e-08,1.824e-09,1.9107e-10,1.3021e-13,0.024567,1.2208e-09,5.1151e-07,9.6961e-05,1.1162e-10,2.7387e-05,3.7866e-08,0.025167,0.00021889,3.1475e-05,1.6832e-05,1.7414e-09,8.0305e-07,0.0074828,0.00091432,8.3058e-08,6.6282e-07,2.059e-10,1.2224e-05,3.9894e-07,4.3803e-09,9.1385e-07,3.7866e-08,1.8483e-08
1.7068e-05,1.0668e-11,2.8908e-13,0.0037887,0.00016515,0.00066068,7.1956e-05,8.1538e-05,7.7554e-06,1.1763e-11,5.3278e-10,1.3213e-06,0.00040662,7.6723e-09,5.2327e-05,0.0014664,1.4916e-12,2.0091e-05,0.0001637,4.5376e-11,1.54e-11,0.00080153,5.5716e-10,1.0909e-11,0.20294,0.00036537,0.0026568,0.00070596,0.00062087,0.00035046,3.9003e-05,0.038511,1.0455e-11,8.3139e-08,1.652e-11,1.2376e-08,0.00013323,0.00013982,0,0.0048571,1.6101e-10,0.36946,4.7707e-09,0.00028242,4.2487e-08,8.5359e-06,0.00019758,4.0439e-06,6.2187e-12,2.692e-05,1.1352e-06,1.1537e-05,1.347e-06,1.6678e-05,1.016e-07,0.00018182,7.8097e-05,1.4535e-11,0.00059315,0.00034406,2.7615e-05,2.7151e-15,0.00036666,3.0439e-11,3.7096e-12,9.7323e-09,4.1775e-12,0.00014369,3.1694e-11,0.00021575,6.5833e-06,5.0763e-08,6.4753e-06,1.1257e-11,0.00062921,0.28899,0.0011589,5.5866e-05,4.2974e-07,9.6189e-10,0.0043151,0.073312,7.7243e-05,0.0003917,1.5035e-11,2.7116e-09,3.5037e-10,1.1162e-06,5.2185e-05,1.0849e-05,6.792e-06
7.7916e-06,1.2854e-10,5.2067e-15,0.14065,1.5766e-05,0.061713,0.00019798,0.00053473,2.8775e-07,5.0152e-10,1.1683e-08,1.8601e-07,0.00014052,9.0811e-07,2.1932e-05,0.16208,2.8467e-11,0.00010018,0.00013667,4.4987e-09,1.9084e-09,0.029764,6.6981e-08,1.0475e-09,0.009156,0.042216,9.2503e-05,0.0078135,0.070838,0.036408,0.00013596,0.081619,1.3894e-09,5.673e-09,2.1651e-09,2.5097e-10,4.6319e-06,0.014788,0.0069634,0,2.041e-08,0.0059251,1.7261e-09,1.3749e-05,1.0356e-08,1.4828e-07,0.014377,1.4389e-07,8.0351e-10,0.00031661,1.0277e-07,0.00034187,3.1078e-08,1.2366e-06,2.3518e-09,0.00087207,0.00019764,1.871e-09,0.048047,0.01157,1.1103e-06,4.6249e-17,1.6442e-05,3.5413e-09,2.4038e-10,5.7813e-10,2.1966e-13,0.015532,6.2879e-10,1.9517e-05,0.00016371,1.1743e-09,8.2037e-05,1.4851e-09,0.012601,0.0067468,0.00083817,0.00017317,1.3565e-08,8.7628e-08,0.19592,0.02079,3.5022e-06,2.6885e-05,1.6523e-10,3.4552e-07,3.503e-08,1.3354e-07,2.1406e-05,1.2508e-06,6.4026e-07
1.1096e-09,4.6914e-06,7.752e-14,2.695e-08,5.4746e-11,1.6297e-07,3.1808e-08,1.1344e-07,7.0231e-14,0.00039925,5.828e-05,3.5273e-11,9.4769e-10,0.0024715,1.0401e-09,9.4047e-08,1.0649e-05,1.1947e-07,4.0533e-09,0.052366,0.10023,6.3654e-08,0.25393,0.018488,6.0612e-10,4.8199e-07,2.4178e-11,1.9698e-08,2.0766e-07,3.0971e-07,5.4066e-08,4.3991e-09,0.053039,4.7955e-14,0.10031,6.5745e-17,5.6567e-13,6.9888e-07,3.8945e-10,3.4434e-08,0,3.2636e-10,6.5375e-12,1.3589e-11,2.6622e-12,8.1317e-15,7.4565e-07,5.279e-13,0.0097974,4.3224e-07,8.749e-12,2.8632e-06,4.1328e-14,1.1493e-11,4.8624e-16,5.5281e-08,2.7337e-08,0.097471,1.5621e-07,9.0646e-08,2.309e-13,7.9732e-12,2.2771e-12,0.13449,0.0013479,1.6592e-14,7.178e-14,1.2066e-06,3.0687e-05,5.3761e-11,3.0892e-06,3.1523e-16,9.5408e-07,0.064995,3.9008e-08,3.6056e-10,3.2578e-09,4.0832e-08,5.2145e-15,0.027439,3.9614e-08,1.198e-09,5.5278e-12,3.7035e-11,3.8093e-06,0.010497,0.072609,2.0834e-11,9.9444e-10,3.45e-11,1.686e-11
1.5578e-05,9.0719e-12,3.5361e-13,0.0034439,0.00016125,0.00059183,6.1577e-05,6.8601e-05,9.6647e-06,9.7932e-12,4.4622e-10,1.2888e-06,0.00036852,6.8645e-09,4.7665e-05,0.0012947,1.2582e-12,1.7045e-05,0.00014433,3.8057e-11,1.3096e-11,0.00074871,4.7273e-10,9.1357e-12,0.17196,0.00031133,0.0027504,0.00069705,0.00054939,0.00031289,3.3272e-05,0.033431,9.0233e-12,1.0316e-07,1.4183e-11,1.5285e-08,0.000166,0.00012506,0.3762,0.0042083,1.3739e-10,0,5.727e-09,0.00028832,5.1377e-08,1.047e-05,0.00016576,4.3045e-06,5.49e-12,2.2524e-05,1.1362e-06,9.5979e-06,1.496e-06,1.6743e-05,1.2607e-07,0.00015336,6.6943e-05,1.2428e-11,0.00053581,0.00032577,3.4386e-05,3.2962e-15,0.00045513,2.5739e-11,3.0865e-12,1.2105e-08,5.2069e-12,0.00012186,2.664e-11,0.00021102,5.4809e-06,6.2978e-08,5.4233e-06,9.6841e-12,0.00060591,0.32237,0.0010118,4.7724e-05,5.3555e-07,8.0528e-10,0.003643,0.071623,7.9828e-05,0.0003888,1.2809e-11,2.397e-09,2.9412e-10,1.0992e-06,4.7579e-05,1.0618e-05,6.7395e-06
8.8762e-12,1.0609e-15,1.1761e-06,1.1028e-07,3.2727e-10,5.8574e-08,1.6813e-11,2.6369e-11,0.00053414,4.1701e-14,4.1641e-15,1.2617e-11,1.421e-10,1.0253e-08,2.3375e-11,3.7845e-08,1.0207e-14,5.3656e-12,4.1701e-11,3.5177e-12,3.4501e-11,2.6911e-07,3.0771e-11,2.7692e-12,4.6429e-08,4.2432e-09,7.6496e-09,1.543e-06,3.4915e-08,4.6672e-08,9.4233e-12,5.2566e-08,1.8999e-10,0.030291,1.0871e-10,8.7277e-05,7.9862e-05,4.4611e-08,1.0271e-07,2.592e-08,5.8187e-11,1.2108e-07,0,1.596e-09,0.94261,1.1118e-05,9.1395e-10,1.1476e-09,1.4594e-09,1.2792e-11,3.6705e-11,1.7322e-11,7.7993e-09,1.8244e-10,0.00022704,5.2328e-11,1.8054e-11,6.8529e-11,8.066e-08,4.7374e-07,0.00031325,8.3353e-08,6.1059e-05,1.5326e-11,3.2268e-13,0.024218,0.00036354,1.9752e-09,2.2566e-15,4.1401e-10,7.8941e-12,0.00023617,3.2825e-12,1.3489e-10,7.4869e-07,1.5816e-07,2.7086e-10,1.3266e-11,0.00095674,2.9315e-12,8.404e-09,2.2935e-07,1.1864e-09,9.0972e-10,7.0177e-16,3.2093e-09,4.6958e-12,1.7416e-11,2.3773e-11,5.4724e-11,6.8921e-11
0.0032858,6.8478e-10,3.3129e-11,6.5233e-06,0.14307,1.5731e-06,0.00031964,9.2515e-05,2.0724e-06,6.8147e-11,5.1114e-09,0.0024822,0.011088,3.9575e-11,0.0061329,4.1089e-06,7.0672e-11,7.8517e-05,0.0024815,1.4564e-11,1.6842e-12,1.1624e-06,4.1474e-11,5.4635e-12,0.00066747,3.2741e-06,0.078851,7.7454e-07,1.8336e-06,9.2922e-07,0.00017995,8.1799e-05,4.7563e-13,1.884e-08,9.4834e-13,1.3446e-07,1.4906e-05,3.8545e-07,0.0004841,1.6438e-05,9.6299e-12,0.00048535,1.2708e-10,0,1.2886e-09,4.381e-05,4.7947e-06,0.0079711,1.0241e-13,2.4369e-05,0.0028836,3.5811e-06,0.0011649,0.042024,4.0268e-07,0.0001846,0.00037207,1.0967e-12,1.2587e-06,4.6042e-07,3.9481e-06,9.3991e-13,1.5023e-05,4.6289e-12,9.5603e-12,4.8805e-09,1.7653e-11,1.8974e-06,6.955e-10,0.16674,3.4095e-06,2.3649e-07,1.0183e-05,6.1045e-13,7.535e-07,0.00034275,0.0028275,0.00024545,4.1689e-07,2.3768e-10,3.2107e-05,7.943e-05,0.19743,0.28446,1.034e-09,2.2095e-11,7.2719e-11,0.002415,0.0063613,0.019145,0.01537
7.8793e-11,1.0479e-16,3.9962e-07,5.3017e-07,2.8856e-09,2.2524e-07,1.2517e-10,1.7036e-10,0.0042546,8.4216e-15,4.6506e-15,9.5451e-11,1.2275e-09,5.9329e-09,2.0644e-10,1.6469e-07,9.0221e-16,3.6825e-11,3.4754e-10,1.0309e-12,7.9305e-12,1.0464e-06,1.413e-11,6.0375e-13,3.5351e-07,1.7111e-08,6.7928e-08,6.1445e-06,1.3523e-07,1.6476e-07,6.8401e-11,3.3267e-07,4.0034e-11,0.13038,2.4895e-11,0.00020451,0.00070664,1.3721e-07,7.863e-07,1.3368e-07,2.0369e-11,9.3379e-07,0.81033,1.3912e-08,0,7.4836e-05,3.8469e-09,7.7734e-09,2.7484e-10,7.2841e-11,2.5713e-10,7.4514e-11,4.4507e-08,1.4804e-09,0.00082464,3.5389e-10,1.3578e-10,1.5461e-11,3.0318e-07,1.6299e-06,0.0027082,1.5832e-08,0.00053718,4.0375e-12,5.3156e-14,0.044193,0.00010162,7.3198e-09,5.8722e-16,3.6575e-09,3.4724e-11,0.00074082,1.7811e-11,2.8903e-11,2.8528e-06,1.2001e-06,2.1701e-09,9.7496e-11,0.0049264,1.7359e-12,4.5744e-08,1.5424e-06,9.9004e-09,8.0446e-09,7.4037e-17,1.6152e-09,2.1385e-12,1.2715e-10,2.1007e-10,4.5326e-10,5.4735e-10
4.4726e-06,2.5316e-12,6.0486e-07,5.4059e-06,0.00018837,8.8853e-07,6.7214e-07,2.9679e-07,0.23873,9.7325e-14,6.9169e-12,1.9805e-05,2.1517e-05,2.162e-11,8.0649e-06,1.5523e-06,3.2371e-13,1.5081e-07,4.4823e-06,3.8532e-14,1.2269e-14,2.1144e-06,4.2512e-13,1.0357e-14,0.00020109,2.8119e-07,0.0016678,5.769e-06,7.0321e-07,4.6607e-07,3.5191e-07,3.1525e-05,1.344e-14,0.0056446,1.6944e-14,0.023867,0.14271,2.0276e-07,0.00033911,4.1089e-06,1.3356e-13,0.00040851,2.0518e-05,0.0010154,0.00016065,0,1.5248e-07,0.0018426,2.5646e-14,7.5985e-08,5.9298e-05,1.6873e-08,0.0096769,0.00023712,0.13787,6.8125e-07,7.7636e-07,1.3213e-14,9.1499e-07,1.3501e-06,0.15763,5.4883e-09,0.039575,2.2833e-14,1.272e-14,0.0019565,3.7631e-06,1.0842e-07,1.3332e-12,0.0002189,1.2026e-08,0.073431,2.3253e-08,1.2656e-14,3.1157e-06,0.00038198,1.16e-05,5.0348e-07,0.16004,8.3882e-13,3.2355e-06,0.00012134,0.0012427,0.00042455,3.7548e-12,5.5464e-12,2.8279e-13,2.7976e-05,8.3573e-06,6.7455e-05,9.7925e-05
3.6248e-05,9.7887e-09,4.2367e-16,0.008784,1.6659e-05,0.019541,0.0021537,0.0096407,1.3284e-08,4.4174e-08,9.6613e-07,5.0147e-07,0.00028387,1.0384e-05,7.9083e-05,0.029735,2.4228e-09,0.0021315,0.00058457,2.9225e-07,8.8947e-08,0.0043108,3.2576e-06,6.9944e-08,0.00096515,0.27034,2.9329e-05,0.00075332,0.032754,0.022121,0.0019976,0.0050589,4.754e-08,2.4811e-10,8.2102e-08,1.5219e-11,2.2126e-07,0.016859,0.0005561,0.028225,8.6766e-07,0.00045819,1.1949e-10,7.873e-06,5.8505e-10,1.0803e-08,0,9.228e-08,1.797e-08,0.011101,1.9187e-07,0.024077,1.1911e-08,1.4492e-06,1.2809e-10,0.0098374,0.0019982,7.739e-08,0.014019,0.0022782,5.082e-08,2.6326e-17,7.5314e-07,1.8763e-07,1.9615e-08,2.5216e-11,9.7239e-15,0.40199,5.2448e-08,1.8981e-05,0.010994,6.3874e-11,0.0037599,5.4278e-08,0.0015471,0.0004653,0.0017417,0.0021662,6.4359e-10,6.148e-06,0.055412,0.0010357,2.2007e-06,1.9331e-05,1.2217e-08,5.7145e-06,2.2571e-06,3.1942e-07,7.6138e-05,2.2441e-06,1.0253e-06
0.0016142,4.6773e-09,1.0327e-08,3.25e-07,0.018311,7.3326e-08,3.9926e-05,9.0053e-06,5.7838e-06,1.379e-10,7.0064e-09,0.032295,0.00095362,2.0482e-12,0.0015267,1.901e-07,5.6417e-10,1.2607e-05,0.00029157,6.3529e-12,5.4027e-13,5.9815e-08,6.7743e-12,3.7338e-12,3.6791e-05,1.5288e-07,0.0048867,4.8731e-08,8.4076e-08,4.2753e-08,2.5999e-05,4.1105e-06,1.0728e-13,1.2024e-07,2.2133e-13,6.8784e-06,1.4884e-05,1.7621e-08,3.0622e-05,7.6003e-07,1.6527e-12,3.2011e-05,4.0365e-10,0.035214,3.1806e-09,0.00035121,2.4828e-07,0,1.4939e-14,2.7071e-06,0.10865,3.5203e-07,0.2681,0.15106,9.0885e-06,1.5463e-05,4.6122e-05,2.9833e-13,5.9401e-08,2.4365e-08,6.4106e-06,3.9302e-10,8.5196e-06,1.5394e-12,1.6652e-11,6.5211e-08,1.7343e-09,9.3104e-08,2.262e-09,0.016481,4.0349e-07,6.5328e-06,1.6002e-06,1.4815e-13,4.2764e-08,2.3174e-05,0.0001749,3.242e-05,3.7905e-06,6.0066e-11,1.4585e-06,4.9865e-06,0.13639,0.015862,6.9579e-09,1.3492e-12,1.9425e-11,0.048902,0.0015982,0.052375,0.10458
2.5725e-11,1.0496e-06,9.6759e-12,4.2375e-09,1.3652e-12,2.5705e-08,7.9516e-10,3.0589e-09,2.0641e-13,7.9038e-05,3.228e-06,9.513e-13,2.5098e-11,0.0020877,2.4381e-11,1.1993e-08,5.0223e-06,2.8649e-09,1.019e-10,0.0049127,0.059251,1.5341e-08,0.0060459,0.0053162,4.9885e-11,3.725e-08,9.3596e-13,7.8142e-09,2.8272e-08,4.8998e-08,1.3175e-09,4.5179e-10,0.33892,1.4866e-12,0.17121,6.2035e-15,5.0267e-13,1.2154e-07,3.8902e-11,3.5061e-09,0.025339,3.3729e-11,4.2407e-10,3.7377e-13,9.2901e-11,4.0384e-15,3.9939e-08,1.2341e-14,0,1.1272e-08,2.3913e-13,8.0115e-08,9.6744e-16,2.6622e-13,9.8968e-15,1.5665e-09,6.8417e-10,0.11602,2.7429e-08,2.8681e-08,4.2123e-13,6.6668e-10,1.7255e-12,0.022183,0.00054711,1.2504e-12,2.0669e-11,8.1504e-08,4.3172e-06,1.3702e-12,7.9893e-08,1.067e-14,2.2922e-08,0.23879,1.2936e-08,4.086e-11,9.9814e-11,1.0103e-09,5.7908e-14,0.0006983,2.963e-09,1.7143e-10,1.3762e-13,1.0123e-12,7.6208e-07,0.006477,0.0021181,5.7252e-13,2.3306e-11,8.067e-13,3.9972e-13
0.00084088,2.2896e-07,2.6968e-15,8.0939e-05,8.7858e-05,0.00011048,0.049343,0.18422,8.4094e-10,2.8824e-07,1.4376e-05,1.1179e-05,0.0015946,3.4614e-07,0.0012299,0.00020708,3.7735e-08,0.11438,0.0065163,3.2476e-07,4.6528e-08,2.6388e-05,1.2385e-06,9.7697e-08,9.423e-05,0.0014134,3.0607e-05,5.0482e-06,0.00018236,0.00011404,0.070941,0.00015636,1.4173e-08,7.9964e-12,2.8092e-08,4.9815e-12,1.3858e-08,8.4227e-05,4.3315e-05,0.00035534,2.8753e-07,3.5592e-05,9.5607e-13,2.2875e-05,6.3328e-12,3.0775e-09,0.0063462,5.7521e-07,2.8993e-09,0,3.3431e-06,0.093078,5.0175e-08,1.269e-05,2.3803e-11,0.081169,0.042694,3.1754e-08,7.8221e-05,1.2553e-05,2.8105e-09,1.7064e-15,3.5268e-08,1.2295e-07,6.9326e-08,9.7891e-13,6.4598e-16,0.0021799,8.3178e-07,8.8426e-05,0.10182,1.2577e-11,0.17306,1.8071e-08,9.5897e-06,3.0188e-05,0.0046574,0.060177,5.8096e-11,6.3145e-06,0.0011077,3.2147e-05,8.8762e-06,6.2338e-05,3.082e-07,3.1713e-07,1.9471e-06,6.66e-06,0.0011753,2.9122e-05,1.301e-05
0.0037954,3.9793e-08,7.4089e-10,4.6993e-08,0.0058604,1.4909e-08,5.7537e-05,1.1523e-05,5.5897e-08,1.1974e-09,5.6041e-08,0.23667,0.00058447,2.0862e-12,0.0022038,3.9513e-08,4.6331e-09,2.5519e-05,0.00030592,4.3221e-11,3.5493e-12,8.1538e-09,2.8506e-11,2.9043e-11,3.6312e-06,6.025e-08,0.00036176,4.2406e-09,1.9471e-08,9.7861e-09,4.4864e-05,5.3886e-07,6.5006e-13,1.0633e-09,1.3191e-12,8.2453e-08,1.8749e-07,4.4619e-09,2.3963e-06,1.5131e-07,7.6351e-12,2.3553e-06,3.5989e-12,0.003551,2.9327e-11,3.1506e-06,1.439e-07,0.030285,8.069e-14,4.3858e-06,0,5.7127e-07,0.0032839,0.0646,8.7178e-08,1.5799e-05,6.4958e-05,1.8775e-12,1.1296e-08,3.1311e-09,6.9283e-08,7.6798e-11,1.306e-07,9.9049e-12,1.4465e-10,6.1065e-10,3.8981e-11,4.749e-08,1.9863e-08,0.0045958,7.8869e-07,6.5547e-08,3.7147e-06,9.1413e-13,4.5784e-09,1.6541e-06,9.0111e-05,5.0367e-05,3.3572e-08,3.0254e-10,3.7703e-07,4.0644e-07,0.010701,0.0027472,5.9426e-08,2.0972e-12,1.0456e-10,0.39876,0.0022969,0.077093,0.15192
0.00017727,4.4268e-07,6.1588e-16,0.00016545,1.9512e-05,0.00034833,0.010351,0.044856,5.1708e-10,1.1838e-06,3.9319e-05,2.4153e-06,0.00036948,4.3037e-06,0.00025558,0.00052778,9.4453e-08,0.026052,0.0014113,2.6274e-06,4.4498e-07,7.6039e-05,1.324e-05,7.2313e-07,6.1866e-05,0.004821,9.11e-06,1.3227e-05,0.00058449,0.00042093,0.014803,0.00016961,1.5019e-07,6.4419e-12,2.9218e-07,1.5671e-12,8.8995e-09,0.00038379,3.0138e-05,0.0006229,3.0922e-06,2.4622e-05,2.1018e-12,5.4574e-06,1.0517e-11,1.1094e-09,0.022346,1.2144e-07,3.3454e-08,0.15111,7.0695e-07,0,1.0812e-08,2.6556e-06,9.1523e-12,0.022782,0.0089838,3.1881e-07,0.00025185,4.1842e-05,1.865e-09,1.2176e-15,2.6135e-08,1.1295e-06,3.6556e-07,6.938e-13,2.7885e-16,0.0098662,2.117e-06,1.9973e-05,0.53582,4.6949e-12,0.12623,1.8802e-07,2.7321e-05,2.2336e-05,0.0013304,0.012512,2.9613e-11,5.5212e-05,0.0016429,3.2913e-05,1.9917e-06,1.484e-05,5.6412e-07,4.0249e-06,1.7439e-05,1.4306e-06,0.00024426,6.0475e-06,2.7022e-06
0.00036845,2.3271e-09,2.7833e-07,2.5676e-07,0.0053945,4.951e-08,1.0056e-05,2.381e-06,7.2597e-05,4.8913e-11,2.0207e-09,0.0089762,0.00027608,7.9309e-13,0.00036428,1.2236e-07,3.2604e-10,3.0145e-06,7.6109e-05,1.583e-12,1.3144e-13,5.2546e-08,1.5441e-12,1.0459e-12,2.9941e-05,6.968e-08,0.0032549,5.9233e-08,5.2258e-08,2.7399e-08,6.3506e-06,3.1044e-06,2.5123e-14,2.5525e-06,5.1676e-14,0.00023871,0.00010267,1.0967e-08,2.9617e-05,4.7662e-07,3.7567e-13,3.2303e-05,7.9655e-09,0.014942,5.2876e-08,0.0053555,9.3047e-08,0.77845,3.4003e-15,6.8563e-07,0.034205,9.1006e-08,0,0.035161,0.00025764,4.3094e-06,1.165e-05,7.1049e-14,4.2114e-08,2.3084e-08,6.1005e-05,7.2472e-09,4.439e-05,3.7159e-13,6.0061e-12,1.7898e-06,6.3904e-08,3.7915e-08,8.6898e-10,0.005109,9.9668e-08,0.00019783,3.7931e-07,3.4944e-14,4.4972e-08,2.4374e-05,5.701e-05,8.0609e-06,8.1065e-05,1.3736e-11,7.7031e-07,5.164e-06,0.050131,0.0058682,3.3916e-09,4.2621e-13,4.4746e-12,0.014456,0.00038126,0.011905,0.024037
0.0080875,6.0121e-09,1.2215e-10,5.0296e-07,0.061055,1.4332e-07,0.00020092,4.3855e-05,2.6733e-07,3.1572e-10,2.0287e-08,0.042053,0.0039642,8.3426e-12,0.007887,3.8018e-07,6.3987e-10,6.5259e-05,0.0014074,2.5483e-11,2.3024e-12,8.7493e-08,3.4205e-11,1.2716e-11,4.2939e-05,4.5087e-07,0.0043544,4.947e-08,1.7943e-07,9.002e-08,0.00013346,6.0034e-06,4.9237e-13,3.2997e-09,1.0165e-12,8.6006e-08,1.3189e-06,3.9288e-08,2.8882e-05,1.4937e-06,8.2282e-12,2.8475e-05,1.4675e-11,0.042456,1.3852e-10,1.0336e-05,8.9167e-07,0.034546,7.3696e-14,1.3658e-05,0.052997,1.7605e-06,0.0027693,0,1.5206e-07,7.1553e-05,0.0002315,1.3214e-12,1.107e-07,3.3867e-08,4.0984e-07,6.9531e-12,1.0961e-06,6.5828e-12,3.9358e-11,1.2523e-09,1.7845e-11,3.1198e-07,4.3026e-09,0.049624,2.0687e-06,1.0052e-07,8.2962e-06,6.7015e-13,5.1607e-08,2.0009e-05,0.00064812,0.00016467,9.3089e-08,2.8483e-10,3.4322e-06,4.8581e-06,0.10841,0.032504,9.078e-09,6.2677e-12,9.0226e-11,0.044062,0.0082561,0.22164,0.27219
3.6668e-09,1.8851e-14,2.9905e-06,9.3132e-09,1.3939e-07,1.717e-09,4.0712e-10,1.7858e-10,0.0078724,2.2588e-16,7.6163e-15,3.534e-08,1.3421e-08,2.7536e-13,5.8465e-09,2.4379e-09,5.6983e-15,9.1726e-11,2.7947e-09,3.9647e-17,1.3342e-16,5.526e-09,9.6225e-16,1.0623e-17,1.6953e-07,3.3132e-10,1.0053e-06,2.2088e-08,1.2233e-09,9.3987e-10,2.1422e-10,3.4707e-08,6.6482e-16,0.0088724,4.1397e-16,0.12949,0.00065001,4.6534e-10,3.1515e-07,5.0885e-09,6.2356e-16,3.8406e-07,3.2713e-05,7.287e-07,0.00013821,0.010765,1.4117e-10,3.7229e-06,4.9074e-15,4.5888e-11,1.2811e-07,1.0868e-11,3.6348e-05,2.7238e-07,0,4.1127e-10,4.7083e-10,2.5665e-16,1.9278e-09,4.5779e-09,0.0021429,2.7324e-08,0.0001667,8.2771e-17,4.1393e-17,0.0097435,3.7742e-05,1.2212e-10,4.0945e-15,1.5727e-07,7.4411e-12,0.69937,1.3932e-11,4.7799e-16,1.0509e-08,3.8525e-07,6.9537e-09,3.0534e-10,0.13067,6.8994e-16,3.2247e-09,1.5826e-07,1.1029e-06,2.8943e-07,2.5126e-14,6.4508e-14,2.8764e-16,5.5052e-08,6.0763e-09,7.7851e-08,1.3136e-07
0.0022078,3.4832e-08,8.7531e-15,0.00017862,0.00048906,0.00015196,0.12825,0.26148,5.6755e-09,2.9908e-08,1.6916e-06,2.9089e-05,0.0095348,7.0038e-08,0.0043885,0.00034127,5.0219e-09,0.062744,0.030544,3.0823e-08,4.6324e-09,4.3614e-05,1.3263e-07,9.1784e-09,0.00054587,0.0014001,0.00022699,9.9462e-06,0.00023746,0.00013156,0.095443,0.00060237,1.5044e-09,4.9814e-11,2.9388e-09,3.6891e-11,9.0365e-08,7.7911e-05,0.0002461,0.00082335,3.0935e-08,0.00020386,3.2901e-12,0.00014577,2.5882e-11,2.3211e-08,0.0047309,2.764e-06,3.3895e-10,0.068282,1.0131e-05,0.011805,2.653e-07,5.5928e-05,1.7946e-10,0,0.12187,3.2438e-09,0.00010764,1.8413e-05,1.8256e-08,1.3057e-15,2.1304e-07,1.2049e-08,6.7369e-09,6.5357e-12,4.868e-15,0.0014954,1.0548e-07,0.00051206,0.010222,9.4854e-11,0.018962,1.8906e-09,1.6854e-05,0.00016605,0.034519,0.11905,4.2036e-10,6.1197e-07,0.0027249,0.0001389,5.1175e-05,0.00039553,4.8375e-08,5.2978e-08,1.8976e-07,1.8086e-05,0.0042099,0.00010751,4.8015e-05
0.0055481,4.4952e-08,1.8009e-14,2.2585e-05,0.00067514,1.7274e-05,0.29127,0.060121,2.1545e-09,2.2373e-08,1.5088e-06,7.1036e-05,0.011163,1.051e-08,0.0094474,3.974e-05,5.7381e-09,0.06574,0.050272,1.225e-08,1.5265e-09,5.1693e-06,3.6465e-08,4.0891e-09,0.00013016,0.00015436,0.00015763,1.25e-06,2.6739e-05,1.4672e-05,0.15237,9.6963e-05,4.2702e-10,1.7089e-11,8.5764e-10,2.9717e-11,3.0885e-08,8.5968e-06,5.8545e-05,0.00010334,8.4726e-09,4.9284e-05,6.2867e-13,0.00016272,5.4999e-12,1.465e-08,0.0005322,4.566e-06,8.1987e-11,0.019891,2.307e-05,0.0025782,3.9721e-07,0.00010022,1.1379e-10,0.067495,0,9.9926e-10,1.2261e-05,2.1413e-06,6.3103e-09,3.6311e-15,6.2961e-08,4.1565e-09,4.2126e-09,2.6216e-12,3.751e-15,0.00016806,1.0912e-07,0.00066677,0.0028838,6.2645e-11,0.0092269,5.5257e-10,2.0418e-06,3.8289e-05,0.018501,0.21987,1.9981e-10,2.1475e-07,0.00034029,2.5239e-05,6.7988e-05,0.00044069,6.408e-08,8.9598e-09,6.571e-08,4.3339e-05,0.0090349,0.00022096,9.84e-05
6.6776e-11,2.6404e-06,3.3148e-13,1.0012e-09,2.5938e-12,6.1318e-09,1.4305e-09,4.6777e-09,4.9841e-15,0.00022542,1.1551e-05,3.2195e-12,4.1e-11,0.00019546,5.4929e-11,3.4008e-09,9.5367e-06,5.7097e-09,1.8359e-10,0.017651,0.20959,2.5974e-09,0.0094811,0.01625,2.0647e-11,1.6545e-08,8.8975e-13,9.004e-10,7.6238e-09,1.1714e-08,2.5186e-09,1.528e-10,0.14272,1.2004e-14,0.25837,3.8205e-17,2.7869e-14,2.7117e-08,1.34e-11,1.2032e-09,0.037153,1.1253e-11,2.9348e-12,5.8991e-13,7.7023e-13,3.0663e-16,2.5351e-08,3.6323e-14,0.017099,1.8195e-08,8.2004e-13,1.1252e-07,2.9792e-15,7.035e-13,7.6284e-17,2.2095e-09,1.2289e-09,0,5.9988e-09,3.9689e-09,1.4129e-14,3.3638e-11,1.102e-13,0.078997,0.0012849,7.9467e-15,2.0517e-13,4.1147e-08,1.2953e-05,2.4776e-12,1.2927e-07,7.1348e-17,4.4714e-08,0.20229,1.713e-09,1.2537e-11,1.2675e-10,1.8598e-09,6.3723e-16,0.0018521,1.3511e-09,4.3058e-11,2.6877e-13,1.6004e-12,1.988e-06,0.00081962,0.0059872,1.9602e-12,5.2586e-11,2.2792e-12,1.1857e-12
3.4134e-07,3.5548e-11,1.1269e-15,0.049838,5.8221e-07,0.22814,1.2031e-05,4.1579e-05,7.247e-08,3.2151e-10,3.8403e-09,7.1572e-09,5.509e-06,4.0973e-06,9.2242e-07,0.091512,1.1558e-11,8.0336e-06,6.1661e-06,6.4874e-09,4.235e-09,0.092822,1.2762e-07,1.5074e-09,0.00045384,0.016747,3.7905e-06,0.015863,0.13797,0.15683,9.2301e-06,0.0043834,4.0647e-09,2.8286e-09,5.7717e-09,4.2289e-11,9.494e-07,0.071183,0.00042378,0.023944,4.614e-08,0.00037595,2.6768e-09,5.2464e-07,1.1704e-08,1.6455e-08,0.0035585,5.6044e-09,3.1326e-09,3.4733e-05,3.8234e-09,6.8882e-05,1.3685e-09,4.5671e-08,4.4402e-10,5.6814e-05,1.1685e-05,4.6487e-09,0,0.051828,2.7819e-07,2.2921e-17,3.7356e-06,6.7321e-09,2.3249e-10,2.8829e-10,1.5084e-13,0.0077725,2.226e-10,7.2084e-07,3.1284e-05,2.2655e-10,1.0718e-05,4.1207e-09,0.034303,0.0004705,3.4135e-05,1.1069e-05,3.3746e-09,1.0156e-07,0.009196,0.0020184,1.3364e-07,1.0019e-06,4.2568e-11,1.3537e-06,4.8062e-08,5.0644e-09,8.9754e-07,4.6776e-08,2.3754e-08
1.2554e-07,1.2904e-11,7.4592e-15,0.038914,3.1015e-07,0.066431,3.7702e-06,1.2415e-05,3.3724e-07,1.6356e-10,1.4164e-09,3.169e-09,2.3098e-06,7.9274e-06,3.5301e-07,0.031494,4.9665e-12,2.3765e-06,2.2193e-06,5.0593e-09,4.6136e-09,0.22342,1.1413e-07,1.2092e-09,0.00038693,0.0049251,2.9039e-06,0.12015,0.040103,0.057601,2.8095e-06,0.0032642,5.6658e-09,2.0356e-08,7.3231e-09,1.7634e-10,3.6004e-06,0.046441,0.00044477,0.010433,4.8444e-08,0.00041357,2.8446e-08,3.4723e-07,1.1384e-07,4.3931e-08,0.0010463,4.1593e-09,5.9268e-09,1.0085e-05,1.9175e-09,2.0706e-05,1.3572e-09,2.5281e-08,1.9078e-09,1.7585e-05,3.6924e-06,5.5648e-09,0.093775,0,1.2481e-06,2.5034e-16,1.4502e-05,6.4158e-09,1.4966e-10,2.1416e-09,1.394e-12,0.0024353,8.6939e-11,3.9162e-07,9.3921e-06,1.0008e-09,3.1218e-06,5.4632e-09,0.2516,0.00055294,1.3518e-05,3.4197e-06,1.6627e-08,6.4933e-08,0.0034054,0.0026131,8.983e-08,5.9514e-07,1.5051e-11,2.2506e-06,3.4767e-08,2.3365e-09,3.4462e-07,2.257e-08,1.2049e-08
4.6554e-08,8.1381e-15,6.8348e-09,6.8443e-06,1.8556e-06,1.3537e-06,2.9891e-08,2.3246e-08,0.46511,2.8669e-15,1.5215e-13,5.6208e-08,5.4601e-07,1.3017e-10,1.1247e-07,1.7604e-06,8.3992e-16,7.0887e-09,1.3003e-07,3.3347e-14,4.2173e-14,4.5939e-06,7.7084e-13,8.0055e-15,5.2173e-05,2.0908e-07,3.8969e-05,1.8552e-05,9.3486e-07,7.5484e-07,1.5402e-08,1.7491e-05,9.2034e-14,0.0048512,9.0273e-14,0.00025501,0.36464,3.8542e-07,0.00011021,3.0906e-06,3.8096e-13,0.00013477,5.8069e-05,9.1919e-06,0.00058398,0.015834,7.2057e-08,3.3785e-06,2.6872e-13,6.9707e-09,1.3099e-07,2.8492e-09,1.1073e-05,9.4448e-07,0.0027569,5.3825e-08,3.3593e-08,6.1158e-14,1.5539e-06,3.8532e-06,0,6.936e-11,0.12171,4.7323e-14,1.1651e-15,0.00062711,2.6646e-07,7.6324e-08,1.1324e-14,2.3292e-06,1.6043e-09,0.0014352,1.7218e-09,7.7501e-14,8.8516e-06,0.00015062,6.1553e-07,2.249e-08,0.021444,4.9106e-13,1.6039e-06,8.8071e-05,6.491e-06,5.0831e-06,1.2278e-14,3.0781e-11,2.3519e-13,7.0534e-08,1.1512e-07,2.9675e-07,3.4094e-07
5.7822e-11,2.4143e-07,0.98494,1.7332e-14,7.9487e-11,5.7229e-15,1.1198e-12,2.7041e-13,1.6528e-08,3.8119e-08,2.308e-09,3.7819e-09,5.4976e-12,2.9906e-11,2.4357e-11,4.5562e-15,8.5515e-07,1.2941e-12,3.3178e-12,3.4928e-09,8.5228e-09,2.6507e-14,2.3893e-10,1.5018e-08,4.4623e-13,5.6821e-16,2.7388e-11,1.5487e-13,3.4154e-15,4.8127e-15,1.2926e-12,5.9464e-14,1.2776e-08,6.5962e-07,7.9218e-09,2.0433e-05,1.0625e-09,6.5679e-15,6.6591e-13,7.912e-15,8.0847e-10,7.9394e-13,9.496e-07,1.3449e-10,2.0982e-07,3.3882e-08,2.294e-15,1.2729e-08,2.6138e-08,2.6011e-13,8.9233e-09,1.1432e-13,8.0842e-08,9.8476e-10,2.1604e-06,2.3658e-13,1.188e-12,8.9485e-09,7.8686e-15,4.7496e-14,4.2627e-09,0,2.9078e-10,4.4841e-09,6.9737e-08,6.5503e-06,0.015027,1.0914e-15,4.1408e-08,6.7506e-11,2.5187e-13,4.3221e-06,7.754e-13,1.1697e-08,7.336e-14,7.2352e-13,8.511e-13,1.1498e-12,3.5588e-07,1.8172e-10,7.0043e-15,2.4642e-13,5.092e-10,5.906e-11,1.9776e-07,6.6323e-11,4.488e-10,5.7574e-09,2.5216e-11,7.3124e-10,1.5572e-09
4.1804e-07,8.0628e-14,7.804e-10,0.00015882,1.3407e-05,3.012e-05,4.8971e-07,4.4711e-07,0.051258,6.5278e-14,2.839e-12,2.21e-07,6.6002e-06,1.5347e-09,1.1207e-06,4.1034e-05,9.3338e-15,1.2254e-07,1.7555e-06,6.8115e-13,5.9877e-13,9.5085e-05,1.4351e-11,1.5883e-13,0.0010963,4.9959e-06,0.00034944,0.00033841,2.1234e-05,1.6514e-05,2.5564e-07,0.0004168,9.4532e-13,0.0006637,1.0747e-12,3.3043e-05,0.72699,8.0821e-06,0.0023746,7.4273e-05,6.0969e-12,0.0028947,1.8368e-05,5.6759e-05,0.00018798,0.0064513,1.7329e-06,7.2862e-06,1.7863e-12,1.4195e-07,4.007e-07,6.4794e-08,1.3075e-05,4.0991e-06,0.00034804,1.0193e-06,5.4392e-07,7.7411e-13,3.3861e-05,7.2655e-05,0.19751,7.6781e-12,0,7.9738e-13,2.7685e-14,7.6697e-05,3.036e-08,1.8236e-06,1.7839e-13,1.7293e-05,3.5575e-08,0.0001771,3.434e-08,8.5179e-13,0.00016863,0.0033397,9.7202e-06,3.7182e-07,0.0023933,1.1169e-11,3.8392e-05,0.002111,2.9615e-05,3.8162e-05,1.1861e-13,3.8037e-10,5.0468e-12,2.4916e-07,1.1392e-06,1.4723e-06,1.4265e-06
5.3909e-10,1.5999e-05,2.5109e-13,2.6037e-09,1.9073e-11,1.5349e-08,9.8342e-09,2.9591e-08,5.4445e-15,0.0014214,9.7521e-05,2.8041e-11,2.7847e-10,0.00020104,4.2183e-10,9.4364e-09,4.5486e-05,4.0648e-08,1.2823e-09,0.15094,0.24111,5.5592e-09,0.035974,0.088488,7.7262e-11,5.574e-08,5.0995e-12,1.618e-09,2.0225e-08,2.8895e-08,1.7704e-08,4.9655e-10,0.044904,5.359e-15,0.088653,1.1979e-17,4.6592e-14,6.3162e-08,4.6402e-11,3.7655e-09,0.084762,3.8534e-11,1.0852e-12,4.1167e-12,3.3257e-13,8.7614e-16,1.0163e-07,3.0989e-13,0.0054058,1.1649e-07,7.1532e-12,6.5918e-07,2.5764e-14,5.7949e-12,4.0678e-17,1.357e-08,8.4523e-09,0.13062,1.4364e-08,7.566e-09,1.8077e-14,2.7871e-11,1.8769e-13,0,0.0061809,2.7756e-15,7.9179e-14,1.4512e-07,8.9592e-05,1.7906e-11,8.1171e-07,3.0027e-17,3.1058e-07,0.063447,3.2589e-09,4.1132e-11,7.6604e-10,1.2888e-08,4.2597e-16,0.013321,4.8621e-09,1.2434e-10,2.0305e-12,1.1059e-11,1.244e-05,0.00086272,0.043451,1.7095e-11,4.0414e-10,1.9066e-11,1.0061e-11
1.0734e-08,0.0072408,2.4307e-11,6.4224e-10,2.5228e-10,3.1704e-09,5.3856e-08,9.7367e-08,6.2899e-16,0.4566,0.0069532,1.9188e-09,1.9045e-09,1.0542e-05,5.7998e-09,2.499e-09,0.027352,2.4089e-07,9.0158e-09,0.08742,0.021831,8.8651e-10,0.0035425,0.26382,6.1977e-11,2.0954e-08,2.3051e-11,1.9891e-10,4.6501e-09,5.6056e-09,1.0454e-07,2.3308e-10,0.0048148,3.9529e-16,0.0072249,9.5928e-16,1.0129e-14,1.0542e-08,3.1015e-11,1.4018e-09,0.004659,2.5343e-11,1.2531e-13,4.6631e-11,2.4014e-14,2.677e-15,5.8266e-08,1.8385e-11,0.00073121,3.6023e-07,5.7295e-10,1.17e-06,2.2839e-12,1.9002e-10,1.1157e-16,4.1613e-08,4.6982e-08,0.011652,2.7207e-09,9.6792e-10,2.4408e-15,2.3773e-09,3.574e-14,0.033899,0,7.6342e-16,8.1217e-13,5.7405e-08,0.026053,2.1529e-10,1.9108e-06,1.6833e-16,1.3341e-06,0.0065739,4.297e-10,2.3881e-11,2.7669e-09,7.2117e-08,2.9513e-17,0.0085886,2.5621e-09,4.748e-11,3.8419e-11,1.0868e-10,0.0052655,4.4708e-05,0.01572,1.2875e-09,5.604e-09,6.713e-10,4.3671e-10
1.9248e-10,2.4654e-15,2.4622e-05,1.8607e-08,8.2317e-09,5.0127e-09,4.8151e-11,3.2455e-11,0.0081552,2.1604e-16,2.9719e-16,1.2717e-09,1.2033e-09,2.6562e-11,3.6244e-10,4.9227e-09,3.5427e-15,1.0959e-11,2.594e-10,6.4207e-15,6.7864e-14,2.1571e-08,6.4798e-14,6.0692e-15,7.1466e-08,5.0339e-10,9.9939e-08,1.1825e-07,3.1588e-09,3.1526e-09,2.4691e-11,2.8534e-08,3.8551e-13,0.71315,2.11e-13,0.025519,0.0005,2.0682e-09,1.5239e-07,6.3141e-09,1.0741e-13,1.8614e-07,0.017614,4.4582e-08,0.03739,0.0007711,1.4028e-10,1.3484e-07,3.1297e-12,9.5261e-12,4.5297e-09,4.1587e-12,1.2746e-06,1.1324e-08,0.049184,7.5605e-11,5.4758e-11,1.3496e-13,6.3182e-09,2.594e-08,0.0024605,4.1818e-07,0.00018543,2.8509e-14,1.4297e-15,0,0.0026369,1.8968e-10,3.0422e-16,9.6895e-09,2.253e-12,0.059992,2.375e-12,2.7196e-13,5.297e-08,2.1187e-07,9.8289e-10,3.6007e-11,0.082418,7.8535e-15,2.767e-09,1.4715e-07,5.3991e-08,1.9404e-08,2.6871e-15,7.3568e-12,9.744e-15,1.9586e-09,3.7477e-10,3.2056e-09,5.1072e-09
5.9964e-11,7.6131e-11,0.79675,2.7167e-10,1.2778e-09,8.8935e-11,2.3891e-12,8.7608e-13,0.00013493,1.6923e-11,7.0983e-13,2.5966e-09,8.4405e-11,9.1882e-11,6.2955e-11,7.498e-11,2.6993e-10,5.8137e-13,1.8322e-11,1.0061e-11,7.903e-11,4.0813e-10,3.9305e-12,3.2804e-11,1.1322e-09,7.504e-12,5.2352e-09,2.3834e-09,5.4143e-11,6.1833e-11,1.3277e-12,3.8041e-10,3.0314e-10,0.0096654,1.4871e-10,0.031374,7.83e-06,4.9995e-11,2.3202e-09,8.51e-11,1.6483e-11,2.8402e-09,0.009379,5.7201e-09,0.0030498,5.2609e-05,1.9189e-12,1.272e-07,1.8351e-09,2.2299e-13,1.0257e-08,5.929e-14,1.6143e-06,5.7234e-09,0.0067579,1.9975e-12,2.7792e-12,1.236e-10,1.1726e-10,5.9894e-10,3.7085e-05,0.034031,2.6038e-06,2.8848e-11,5.3954e-11,0.093536,0,2.9667e-12,1.2731e-11,1.3385e-09,3.651e-14,0.012868,7.5645e-14,2.2974e-10,1.0868e-09,3.1125e-09,3.4647e-11,1.8212e-12,0.0023519,5.5995e-13,3.6548e-11,1.9585e-09,1.2423e-08,2.1239e-09,6.4043e-11,5.7101e-11,1.8302e-12,4.4724e-09,6.5828e-11,1.9752e-09,4.1633e-09
8.8675e-06,4.3254e-09,1.989e-16,0.0099234,4.6282e-06,0.031809,0.00052311,0.0023608,1.0687e-08,2.7902e-08,4.5668e-07,1.2439e-07,7.4899e-05,2.0352e-05,1.9643e-05,0.0377,1.2461e-09,0.00053632,0.00014539,2.7959e-07,1.0467e-07,0.0068472,3.7956e-06,6.5358e-08,0.00049105,0.3573,1.0235e-05,0.0011661,0.052881,0.041351,0.0004892,0.003314,6.436e-08,2.6036e-10,1.0666e-07,9.2438e-12,1.6875e-07,0.036756,0.00031098,0.023448,1.0796e-06,0.00025901,1.9857e-10,2.3957e-06,8.5599e-10,5.9066e-09,0.30911,2.661e-08,2.8198e-08,0.0029321,4.8692e-08,0.0081744,3.7322e-09,3.8991e-07,8.5207e-11,0.0023911,0.0004852,9.6591e-08,0.023545,0.0040773,4.1392e-08,9.6308e-18,6.0942e-07,2.0603e-07,1.486e-08,2.6218e-11,1.156e-14,0,2.5591e-08,5.3424e-06,0.0037101,4.253e-11,0.0010911,7.152e-08,0.0024998,0.00027721,0.00047088,0.00052729,4.986e-10,5.5188e-06,0.032137,0.00075531,6.5125e-07,5.7054e-06,5.248e-09,1.0181e-05,2.1792e-06,7.972e-08,1.8924e-05,5.7775e-07,2.6584e-07
5.1831e-07,0.30652,2.2079e-11,7.2221e-10,1.2012e-08,2.2574e-09,9.0694e-07,9.8004e-07,6.3789e-15,0.13662,0.13578,1.6711e-07,5.1944e-08,2.4871e-07,2.3248e-07,2.5975e-09,0.11214,3.6743e-06,2.1987e-07,0.00135,0.00015503,5.0076e-10,0.00010493,0.0019894,3.904e-10,2.5955e-08,6.8749e-10,8.7321e-11,3.6727e-09,3.3907e-09,1.7466e-06,6.8331e-10,2.8887e-05,5.8917e-17,4.9073e-05,2.3907e-14,7.57e-14,4.7114e-09,1.7694e-10,2.4485e-09,7.0826e-05,1.4606e-10,5.8518e-16,2.2652e-09,1.7713e-16,1.8734e-13,1.0403e-07,1.6676e-09,3.8527e-06,2.8859e-06,5.2534e-08,4.5243e-06,2.2064e-10,1.3871e-08,7.3691e-15,4.3504e-07,8.1261e-07,7.8435e-05,1.7394e-09,3.7545e-10,1.5841e-14,9.4254e-10,1.5377e-13,0.0003281,0.017396,1.0847e-16,1.2796e-13,6.6011e-08,0,9.8222e-09,9.0877e-06,7.4152e-15,1.2115e-05,4.0507e-05,1.9388e-10,1.2131e-10,4.4691e-08,1.1988e-06,1.8498e-15,0.00082482,6.2941e-09,1.3469e-10,2.4034e-09,4.6261e-09,0.28579,9.1793e-07,0.00069294,1.1543e-07,2.2634e-07,4.8297e-08,3.4298e-08
0.0098464,1.8128e-09,7.7409e-12,5.2084e-06,0.3952,1.5027e-06,0.00087995,0.00023171,3.3015e-07,2.0862e-10,1.5735e-08,0.0031784,0.02795,6.4679e-11,0.019148,3.9853e-06,1.8743e-10,0.00022593,0.0069056,4.3911e-11,4.8674e-12,9.0434e-07,1.1013e-10,1.6866e-11,0.00039903,4.3794e-06,0.024585,4.7758e-07,1.8721e-06,9.3954e-07,0.00051049,6.0918e-05,1.2951e-12,2.8677e-09,2.6125e-12,2.0328e-08,2.6946e-06,4.0706e-07,0.00024836,1.5672e-05,2.5587e-11,0.00023857,2.2138e-11,0.11198,2.275e-10,6.3431e-06,7.7632e-06,0.0025055,2.5214e-13,6.3265e-05,0.0025064,8.8019e-06,0.00026749,0.032988,5.8367e-08,0.0004355,0.0010239,3.0936e-12,1.1615e-06,3.4875e-07,6.7187e-07,3.1685e-13,3.074e-06,1.3522e-11,2.9643e-11,7.1237e-10,2.7742e-12,2.8416e-06,2.0254e-09,0,8.9031e-06,3.4452e-08,2.8722e-05,1.6853e-12,5.1822e-07,0.000167,0.0055229,0.0006838,6.1035e-08,6.8575e-10,3.559e-05,4.3944e-05,0.051898,0.2358,2.7308e-09,4.1263e-11,2.1009e-10,0.0026779,0.019857,0.026181,0.015647
0.00021445,8.369e-07,9.3749e-16,6.9831e-05,1.8216e-05,0.00014289,0.010525,0.038572,2.6817e-10,1.9051e-06,7.0893e-05,3.1313e-06,0.000327,2.7083e-06,0.00027894,0.00021909,1.7056e-07,0.032474,0.0013585,3.1754e-06,4.797e-07,3.1247e-05,1.2969e-05,9.1691e-07,3.2506e-05,0.0019795,6.6131e-06,5.4502e-06,0.00023976,0.00017229,0.016528,7.9047e-05,1.4836e-07,3.0653e-12,2.9371e-07,1.0784e-12,4.5826e-09,0.00015802,1.552e-05,0.00026919,3.0108e-06,1.2689e-05,8.6443e-13,4.6892e-06,4.4232e-12,7.1364e-10,0.0092086,1.2561e-07,3.0107e-08,0.14918,8.8083e-07,0.48357,1.0686e-08,2.8162e-06,5.6552e-12,0.017804,0.0090689,3.3054e-07,0.00010323,1.7128e-05,9.477e-10,2.421e-15,1.295e-08,1.2553e-06,5.3878e-07,3.3922e-13,1.5497e-16,0.0040412,3.8376e-06,1.8232e-05,0,2.9402e-12,0.20781,1.8893e-07,1.1222e-05,1.1293e-05,0.0010039,0.013183,1.627e-11,6.3817e-05,0.00073267,1.541e-05,1.8366e-06,1.2779e-05,1.0748e-06,2.7962e-06,1.9791e-05,1.8391e-06,0.00026648,6.8579e-06,3.0878e-06
2.1765e-09,2.0773e-14,5.6939e-06,4.484e-09,7.9326e-08,8.3309e-10,2.1382e-10,9.0512e-11,0.003976,2.346e-16,5.4201e-15,2.4739e-08,7.1838e-09,1.6937e-13,3.3358e-09,1.1713e-09,7.5225e-15,4.8442e-11,1.4984e-09,2.0612e-17,1.1573e-16,2.7203e-09,5.1502e-16,1.0034e-17,8.114e-08,1.5803e-10,5.2211e-07,1.1101e-08,5.9078e-10,4.5753e-10,1.1314e-10,1.6524e-08,6.3601e-16,0.007467,3.6556e-16,0.22831,0.00031399,2.286e-10,1.5039e-07,2.4268e-09,3.861e-16,1.8323e-07,3.25e-05,4.0875e-07,0.00011859,0.0054759,6.7234e-11,2.5559e-06,5.0531e-15,2.3157e-11,9.1997e-08,5.3247e-12,2.6657e-05,1.7196e-07,0.66796,2.0761e-10,2.4757e-10,2.2927e-16,9.3945e-10,2.2936e-09,0.0010654,5.2208e-08,8.1015e-05,5.8355e-17,5.9647e-17,0.011351,6.8641e-05,5.8218e-11,3.9351e-15,8.8663e-08,3.6949e-12,0,7.1788e-12,4.5072e-16,5.2492e-09,1.8356e-07,3.5499e-09,1.6061e-10,0.073744,3.2863e-16,1.5355e-09,7.5439e-08,6.5255e-07,1.6011e-07,2.6943e-14,4.0139e-14,1.3974e-16,3.9131e-08,3.47e-09,4.9575e-08,8.6052e-08
0.00095758,1.3963e-06,4.7865e-15,3.1485e-05,6.0584e-05,4.9518e-05,0.033658,0.077072,3.0901e-10,1.6658e-06,8.747e-05,1.5078e-05,0.00095272,5.4749e-07,0.0011069,8.6465e-05,2.3176e-07,0.13287,0.004361,1.3937e-06,1.7558e-07,1.1332e-05,3.9706e-06,4.4923e-07,3.3246e-05,0.00067089,1.4603e-05,2.0815e-06,8.2583e-05,5.4575e-05,0.059815,5.4811e-05,4.7834e-08,2.8356e-12,9.6679e-08,2.5492e-12,5.0126e-09,4.4502e-05,1.522e-05,0.0001345,9.2716e-07,1.2519e-05,3.5839e-13,1.3964e-05,2.2621e-12,1.3757e-09,0.00314,4.9672e-07,8.6127e-09,0.25281,4.1365e-06,0.11358,4.0551e-08,1.1261e-05,1.0557e-11,0.03293,0.028931,1.14e-07,3.5262e-05,5.6765e-06,1.0142e-09,7.4313e-15,1.2464e-08,4.7888e-07,3.7507e-07,3.5653e-13,3.2013e-16,0.001185,5.1009e-06,5.8647e-05,0.2072,5.6956e-12,0,6.2377e-08,4.0801e-06,1.056e-05,0.0021158,0.044077,2.2695e-11,2.4731e-05,0.00040873,1.1201e-05,6.1439e-06,3.7717e-05,1.8718e-06,6.0021e-07,7.5665e-06,8.8159e-06,0.0010576,2.9361e-05,1.3378e-05
3.4336e-11,1.4385e-06,4.6428e-13,8.6824e-10,1.4074e-12,5.3582e-09,7.9527e-10,2.6988e-09,6.8513e-15,0.00011942,5.6592e-06,1.579e-12,2.3068e-11,0.00023194,2.9014e-11,2.8483e-09,5.6308e-06,3.1147e-09,1.0161e-10,0.008612,0.10379,2.4423e-09,0.005924,0.0085349,1.5479e-11,1.2622e-08,5.5068e-13,9.1913e-10,6.4867e-09,1.0268e-08,1.3839e-09,1.2104e-10,0.29515,2.2566e-14,0.26964,7.8963e-17,3.15e-14,2.4263e-08,1.0434e-11,9.6014e-10,0.024906,8.8152e-12,5.8076e-12,3.301e-13,1.4475e-12,2.9527e-16,1.7875e-08,1.8134e-14,0.035381,1.041e-08,4.014e-13,6.6715e-08,1.4731e-15,3.5869e-13,1.4283e-16,1.2946e-09,6.8321e-10,0.20337,5.346e-09,3.9172e-09,1.8e-14,4.4206e-11,1.2191e-13,0.038577,0.00072879,1.6099e-14,3.8339e-13,3.0629e-08,6.7254e-06,1.3569e-12,7.4281e-08,1.4101e-16,2.4597e-08,0,1.6998e-09,1.0011e-11,7.5333e-11,1.0295e-09,1.0764e-15,0.00097332,1.0122e-09,3.6203e-11,1.4423e-13,8.9822e-13,1.0717e-06,0.00093665,0.0031081,9.5981e-13,2.7766e-11,1.1504e-12,5.9326e-13
1.4084e-07,6.7887e-12,1.5151e-14,0.048359,4.4594e-07,0.044534,3.4674e-06,1.0376e-05,7.5286e-07,7.4505e-11,7.3952e-10,4.178e-09,2.8257e-06,3.4513e-06,4.0756e-07,0.026379,2.3873e-12,1.9532e-06,2.4009e-06,2.1504e-09,1.9395e-09,0.20482,4.8159e-08,5.1238e-10,0.00064192,0.0032353,4.8679e-06,0.25573,0.026573,0.032433,2.4642e-06,0.0048472,2.4093e-09,4.1168e-08,3.0943e-09,3.957e-10,8.1608e-06,0.021961,0.00079423,0.011094,2.0357e-08,0.00075111,4.3898e-08,5.5488e-07,1.9457e-07,9.8995e-08,0.00069383,7.1284e-09,2.6102e-09,7.5231e-06,2.7379e-09,1.3202e-05,2.5818e-09,3.7617e-08,4.2764e-09,1.5717e-05,3.4381e-06,2.3453e-09,0.060605,0.24568,2.7997e-06,3.7756e-16,3.2868e-05,2.6985e-09,6.4874e-11,4.2702e-09,2.4699e-12,0.001458,4.3837e-11,5.6824e-07,6.0089e-06,2.2365e-09,2.191e-06,2.3149e-09,0,0.0010213,1.5632e-05,3.0765e-06,3.6761e-08,2.8342e-08,0.0034112,0.0048229,1.4562e-07,9.0132e-07,8.067e-12,9.654e-07,1.491e-08,3.1689e-09,3.9901e-07,3.1122e-08,1.7163e-08
1.22e-05,7.9043e-12,3.6133e-13,0.0047529,0.00012364,0.00079917,5.2608e-05,6.1879e-05,1.1631e-05,9.589e-12,4.1344e-10,9.8814e-07,0.00029016,9.3229e-09,3.7383e-05,0.0016958,1.1278e-12,1.4919e-05,0.00011692,4.2652e-11,1.5673e-11,0.001078,5.5982e-10,1.0146e-11,0.14808,0.0003711,0.0021386,0.0010599,0.00072425,0.00042026,2.8659e-05,0.041346,1.1332e-11,1.3139e-07,1.7531e-11,1.6273e-08,0.00020049,0.00016877,0.32232,0.0052488,1.6626e-10,0.35311,8.1942e-09,0.00022303,7.2325e-08,1.0724e-05,0.00018439,3.4132e-06,7.2851e-12,2.0926e-05,8.7401e-07,9.5369e-06,1.2364e-06,1.2887e-05,1.3852e-07,0.00013683,5.6968e-05,1.5167e-11,0.00073451,0.00047708,4.2095e-05,3.2903e-15,0.00057517,3.0094e-11,3.1858e-12,1.5092e-08,6.2503e-12,0.00014286,2.4235e-11,0.0001618,5.343e-06,6.9107e-08,5.0109e-06,1.2046e-11,0.00090244,0,0.00083096,4.0956e-05,6.2317e-07,8.9055e-10,0.0041585,0.10658,6.2099e-05,0.00029849,1.1102e-11,3.1812e-09,3.3111e-10,8.4325e-07,3.7291e-05,8.1415e-06,5.1751e-06
0.013101,1.1409e-08,2.3481e-13,0.00047102,0.013838,0.00020982,0.070757,0.036889,1.6933e-07,5.3795e-09,3.554e-07,0.00029752,0.2252,1.7076e-08,0.038006,0.00054416,1.3984e-09,0.016288,0.19611,4.1729e-09,6.2684e-10,8.753e-05,1.8545e-08,1.2661e-09,0.0081349,0.0009691,0.0095887,2.897e-05,0.00029029,0.00014741,0.036348,0.0035175,2.1092e-10,1.3489e-09,4.0779e-10,1.5576e-09,2.436e-06,7.0276e-05,0.0037431,0.0018883,4.3501e-09,0.0032095,4.0636e-11,0.0053279,3.7872e-10,9.4306e-07,0.0019986,7.4597e-05,5.1534e-11,0.009349,0.00013788,0.0016449,8.3747e-06,0.0012088,7.2405e-09,0.082369,0.079712,4.4405e-10,0.00015431,3.3775e-05,4.9816e-07,1.1208e-14,4.8477e-06,1.623e-09,1.0689e-09,2.0275e-10,2.0148e-13,0.00070271,2.5856e-08,0.015495,0.0013754,3.8701e-09,0.0029073,2.6251e-10,3.9999e-05,0.0024063,0,0.053087,1.4817e-08,8.2339e-08,0.0054224,0.0012095,0.0016568,0.014074,1.6448e-08,1.0754e-08,2.5536e-08,0.00020329,0.037157,0.001695,0.00079837
0.0041496,5.9795e-08,1.2978e-14,1.8385e-05,0.00042441,1.5326e-05,0.23657,0.068507,1.3346e-09,3.1801e-08,2.12e-06,5.3276e-05,0.0068204,1.2958e-08,0.0064709,3.4347e-05,7.7776e-09,0.094612,0.03126,1.7571e-08,2.1692e-09,4.3973e-06,5.0844e-08,5.886e-09,8.7144e-05,0.00014762,9.5526e-05,1.0195e-06,2.4037e-05,1.342e-05,0.2169,7.1438e-05,5.996e-10,1.0654e-11,1.2069e-09,1.8121e-11,1.9365e-08,8.1503e-06,3.913e-05,8.4605e-05,1.1824e-08,3.2827e-05,4.3159e-13,0.0001003,3.6898e-12,8.8765e-09,0.00053906,2.9987e-06,1.1312e-10,0.026196,1.6713e-05,0.0033549,2.5679e-07,6.6605e-05,6.8946e-11,0.061604,0.20543,1.4129e-09,1.0851e-05,1.8529e-06,3.9472e-09,3.2836e-15,4.0213e-08,5.9215e-09,6.0416e-09,1.6107e-12,2.2966e-15,0.00017065,1.504e-07,0.00041605,0.0039169,3.7971e-11,0.013134,7.7795e-10,1.7071e-06,2.572e-05,0.011512,0,1.2181e-10,3.0559e-07,0.00027981,1.7892e-05,4.2775e-05,0.00027107,8.4848e-08,1.1462e-08,9.3494e-08,3.2184e-05,0.0061843,0.00015253,6.8046e-05
8.4634e-09,7.8345e-15,1.1707e-06,1.6573e-07,3.6508e-07,3.3145e-08,1.8941e-09,1.0791e-09,0.16949,1.7751e-16,1.3043e-14,3.9994e-08,5.1885e-08,7.7204e-12,1.6175e-08,4.2631e-08,1.6603e-15,4.2434e-10,1.103e-08,1.0282e-15,3.1189e-15,1.1667e-07,2.5691e-14,2.9647e-16,1.7457e-06,5.1331e-09,4.3076e-06,5.0881e-07,2.2723e-08,1.8647e-08,9.7425e-10,4.6535e-07,1.2653e-14,0.11526,9.0122e-15,0.03455,0.010692,9.7914e-09,3.4954e-06,7.6958e-08,1.7535e-14,4.2779e-06,0.00036146,1.9782e-06,0.0021651,0.032766,1.8599e-09,4.0715e-06,7.5292e-14,2.9368e-10,1.2936e-07,9.2206e-11,2.9989e-05,4.3723e-07,0.34263,2.526e-09,2.1679e-09,5.6217e-15,3.8418e-08,1.0462e-07,0.043705,1.1802e-08,0.0030058,2.2728e-15,2.8711e-17,0.042813,3.4442e-05,1.8738e-09,2.6951e-15,4.3124e-07,5.6135e-11,0.20246,7.8532e-11,9.4459e-15,2.3688e-07,4.5445e-06,3.7313e-08,1.4145e-09,0,1.2082e-14,4.2333e-08,2.2807e-06,2.2723e-06,8.6604e-07,1.1069e-14,1.8048e-12,6.2718e-15,5.8543e-08,1.6723e-08,1.2406e-07,1.8491e-07
6.8107e-08,7.9119e-05,2.9792e-14,1.3654e-07,2.6991e-09,7.0449e-07,1.4316e-06,4.2733e-06,1.3711e-13,0.0038726,0.0026352,2.4794e-09,4.0561e-08,0.00053883,5.7576e-08,5.271e-07,8.7072e-05,5.868e-06,1.8594e-07,0.089072,0.01376,2.0047e-07,0.15638,0.022019,7.4804e-09,4.0288e-06,7.215e-10,4.4364e-08,1.0171e-06,1.2576e-06,2.5656e-06,3.8556e-08,0.0033461,1.2837e-14,0.0068962,1.2131e-16,1.9585e-12,2.3841e-06,4.1309e-09,2.625e-07,0.048718,3.3964e-09,5.8479e-13,5.955e-10,4.0281e-13,9.0677e-14,9.381e-06,3.4066e-11,0.00047939,1.6854e-05,6.1554e-10,9.0772e-05,2.683e-12,7.0638e-10,9.5522e-16,1.9417e-06,1.2303e-06,0.0086276,6.1049e-07,2.1572e-07,5.2845e-13,3.1821e-12,7.4067e-12,0.037528,0.0044117,2.154e-15,4.3297e-15,1.0951e-05,0.00063452,2.5583e-09,0.00011626,4.7638e-16,4.5186e-05,0.0045098,9.643e-08,3.429e-09,1.0948e-07,1.8738e-06,6.3792e-15,0,4.1294e-07,8.4556e-09,2.815e-10,1.6045e-09,7.1834e-05,0.001773,0.59424,1.468e-09,5.5115e-08,2.2145e-09,1.11e-09
3.6998e-05,5.6104e-10,6.2603e-15,0.066847,5.7308e-05,0.039353,0.0010275,0.0027588,2.3867e-07,1.6765e-09,4.7197e-08,7.8714e-07,0.00060792,1.0032e-06,0.0001016,0.1023,1.1338e-10,0.00051761,0.0006613,1.0456e-08,3.5926e-09,0.014944,1.3078e-07,2.4808e-09,0.015567,0.080557,0.00024069,0.0037154,0.052657,0.026446,0.00070768,0.09277,2.2312e-09,3.8292e-09,3.6618e-09,2.7119e-10,4.0208e-06,0.011664,0.0097297,0.30814,3.6928e-08,0.0080669,8.802e-10,4.2234e-05,5.5731e-09,1.8363e-07,0.044391,4.3428e-07,1.068e-09,0.0015523,4.0274e-07,0.0014181,7.8997e-08,4.4689e-06,2.344e-09,0.0045392,0.0010235,3.3043e-09,0.029022,0.0059399,9.0622e-07,6.4394e-17,1.3367e-05,7.1915e-09,6.9096e-10,3.9846e-10,1.4837e-13,0.033482,2.5421e-09,6.9709e-05,0.00070076,1.1686e-09,0.00039208,2.4624e-09,0.0060934,0.0084069,0.0037855,0.00090078,1.1735e-08,2.168e-07,0,0.018542,1.0863e-05,8.9068e-05,7.3255e-10,4.2863e-07,8.1199e-08,5.5116e-07,9.8938e-05,4.9721e-06,2.4682e-06
9.1421e-06,1.3965e-11,2.4969e-13,0.040337,6.5018e-05,0.0065593,7.0468e-05,0.00011055,1.2817e-05,3.0113e-11,9.7217e-10,5.2831e-07,0.00022018,8.0224e-08,2.81e-05,0.012669,2.3771e-12,2.3349e-05,0.00011132,2.227e-10,1.0108e-10,0.0099735,3.443e-09,5.1841e-11,0.10956,0.0020908,0.00095472,0.0096357,0.0055834,0.0034226,4.0632e-05,0.19403,8.3317e-11,1.958e-07,1.2357e-10,1.2069e-08,0.0002135,0.0013987,0.16223,0.03209,1.096e-09,0.15565,2.3575e-08,0.00010254,1.8442e-07,6.759e-06,0.00081433,1.4572e-06,6.0641e-11,4.4212e-05,4.2609e-07,2.7882e-05,5.1974e-07,6.208e-06,1.1291e-07,0.00022709,7.4504e-05,1.0335e-10,0.0062518,0.0044733,4.8836e-05,2.2234e-15,0.00072133,1.805e-10,1.2567e-11,2.0796e-08,7.8032e-12,0.00077229,5.3388e-11,8.4475e-05,1.4466e-05,5.6349e-08,1.0546e-05,8.6434e-11,0.0084551,0.21147,0.0008287,5.6528e-05,6.2052e-07,4.3569e-09,0.018198,0,2.781e-05,0.00014807,1.8969e-11,2.6203e-08,1.7338e-09,4.346e-07,2.786e-05,4.2767e-06,2.5894e-06
0.0035961,1.2684e-09,1.5331e-10,2.3338e-06,0.10893,5.5899e-07,0.00018654,4.8019e-05,2.3833e-06,8.4482e-11,5.9538e-09,0.008057,0.0057944,1.5257e-11,0.005197,1.4605e-06,1.3299e-10,4.9755e-05,0.0014595,1.1045e-11,1.1311e-12,4.1776e-07,2.3474e-11,4.685e-12,0.00024539,1.207e-06,0.031396,2.9023e-07,6.5259e-07,3.3052e-07,0.00011059,2.9351e-05,2.8284e-13,2.5852e-08,5.7516e-13,3.5877e-07,1.2957e-05,1.3733e-07,0.00018474,5.8426e-06,5.4659e-12,0.0001875,1.318e-10,0.27548,1.2795e-09,7.4811e-05,1.8701e-06,0.043076,5.2615e-14,1.3194e-05,0.012125,1.8236e-06,0.0054532,0.14972,8.5035e-07,9.0426e-05,0.00021691,6.9722e-13,4.4738e-07,1.662e-07,3.8901e-06,4.9656e-12,1.0937e-05,3.1857e-12,1.099e-11,8.247e-09,5.3497e-11,7.1969e-07,1.0297e-09,0.10783,1.8633e-06,5.268e-07,6.2515e-06,3.7218e-13,2.7592e-07,0.00013316,0.0012269,0.00014606,6.6816e-07,1.5677e-10,1.1523e-05,3.0057e-05,0,0.12314,1.9173e-09,9.051e-12,4.8264e-11,0.0087411,0.005422,0.049446,0.052091
0.0055742,9.95e-10,1.0338e-11,9.3467e-06,0.21916,2.4679e-06,0.00069833,0.0002033,8.4984e-07,1.233e-10,9.355e-09,0.0019886,0.02435,7.7481e-11,0.011679,6.5116e-06,1.0298e-10,0.00016982,0.0053935,3.0999e-11,3.6644e-12,1.6346e-06,9.1177e-11,1.1322e-11,0.00082429,6.0166e-06,0.06389,9.5169e-07,2.9748e-06,1.498e-06,0.00039064,0.00011375,1.0451e-12,7.229e-09,2.0818e-12,4.081e-08,7.1194e-06,6.3355e-07,0.0005416,2.5929e-05,2.1171e-11,0.00052795,5.8428e-11,0.22946,6.0102e-10,1.4776e-05,9.4963e-06,0.0028963,2.2375e-13,5.357e-05,0.0017995,7.855e-06,0.00036903,0.025953,1.2901e-07,0.00040404,0.00081282,2.4001e-12,1.9391e-06,6.3657e-07,1.7611e-06,3.3296e-13,8.1476e-06,1.0031e-11,1.7974e-11,1.7135e-09,5.2873e-12,3.645e-06,1.1458e-09,0.28322,7.4952e-06,7.4725e-08,2.2187e-05,1.3399e-12,9.8731e-07,0.00037004,0.0060252,0.00053512,1.4722e-07,5.1657e-10,5.4618e-05,9.2517e-05,0.071188,0,1.4981e-09,4.529e-11,1.5803e-10,0.0017567,0.01207,0.016447,0.010839
2.9503e-07,0.76576,6.678e-11,7.7855e-11,7.6433e-09,2.0282e-10,2.3927e-07,1.9521e-07,4.5815e-15,0.010078,0.01202,2.0022e-07,2.0775e-08,1.305e-08,1.1637e-07,2.6147e-10,0.079128,8.595e-07,7.7265e-08,8.0699e-05,1.0745e-05,4.3885e-11,5.5781e-06,0.00014117,8.5769e-11,2.5712e-09,3.4244e-10,7.4872e-12,3.3562e-10,2.8717e-10,4.4553e-07,1.0534e-10,2.138e-06,1.3125e-16,3.4266e-06,8.6563e-14,3.2095e-14,3.6432e-10,3.8484e-11,2.95e-10,4.031e-06,3.2198e-11,8.3435e-17,1.544e-09,1.024e-17,2.4191e-13,1.111e-08,2.3519e-09,3.1181e-07,4.9027e-07,7.2059e-08,5.5276e-07,3.9482e-10,1.3418e-08,2.0733e-14,9.1477e-08,2.1879e-07,5.5193e-06,1.525e-10,2.9801e-11,7.875e-15,2.0639e-09,4.6879e-14,2.0888e-05,0.001612,4.3925e-16,2.9514e-13,6.2066e-09,0.13103,6.0717e-09,1.167e-06,2.3277e-14,2.0383e-06,2.9595e-06,1.6358e-11,2.5477e-11,1.3035e-08,3.1006e-07,3.4834e-15,4.2813e-05,8.3157e-10,2.194e-11,2.0519e-09,2.7732e-09,0,4.8855e-08,3.6592e-05,1.4801e-07,1.141e-07,4.4537e-08,3.579e-08
1.9674e-09,1.854e-07,4.9236e-14,2.42e-06,2.7156e-10,1.4754e-05,1.1297e-07,5.3136e-07,2.1255e-11,1.4354e-05,4.654e-06,3.0257e-11,5.2683e-09,0.86712,2.7595e-09,6.8939e-06,3.5592e-07,2.9828e-07,1.66e-08,0.0017757,0.0050616,8.2382e-06,0.032609,0.00061159,2.808e-08,1.9173e-05,4.0566e-10,3.5302e-06,1.6266e-05,2.8157e-05,1.5958e-07,2.5847e-07,0.0090336,1.5174e-11,0.010472,2.1687e-14,1.2417e-10,6.9656e-05,2.2351e-08,1.9866e-06,0.035773,1.9404e-08,1.2288e-09,1.0625e-10,7.194e-10,1.1508e-12,1.6736e-05,1.4687e-12,0.0085345,1.6246e-06,8.1897e-12,1.2701e-05,1.5979e-13,2.9834e-11,1.7142e-13,3.2262e-07,9.8518e-08,0.0073278,1.5618e-05,1.4351e-05,6.3578e-11,2.229e-12,4.8413e-10,0.0046649,4.4078e-05,3.8729e-12,8.4743e-13,3.8777e-05,1.3553e-06,2.9546e-10,9.7768e-06,1.1168e-13,2.1048e-06,0.0083297,6.3043e-06,2.351e-08,2.7444e-08,1.3489e-07,1.829e-12,0.003403,1.567e-06,9.7604e-08,3.1193e-11,2.7e-10,1.5733e-07,0,0.0049278,1.7624e-11,2.6378e-09,6.5015e-11,2.905e-11
1.3545e-08,4.4904e-05,4.4515e-14,3.7748e-08,5.2275e-10,2.0532e-07,2.765e-07,8.3253e-07,4.2344e-14,0.0029866,0.00091816,5.3883e-10,7.8356e-09,0.00043636,1.1239e-08,1.4366e-07,6.6398e-05,1.1336e-06,3.5907e-08,0.1573,0.02838,6.2757e-08,0.18424,0.036627,1.6761e-09,1.0151e-06,1.4174e-10,1.5012e-08,2.8812e-07,3.7438e-07,4.9546e-07,9.3256e-09,0.0066889,7.4139e-15,0.013812,2.5989e-17,5.4251e-13,7.4761e-07,9.4979e-10,6.6237e-08,0.081375,7.8302e-10,5.9129e-13,1.15e-10,3.1323e-13,1.9296e-14,2.1739e-06,6.9538e-12,0.00091784,3.2804e-06,1.3428e-10,1.8098e-05,5.5168e-13,1.4124e-10,2.5137e-16,3.8003e-07,2.3761e-07,0.017604,1.8236e-07,7.2907e-08,1.5976e-13,4.9605e-12,2.1125e-12,0.077266,0.0050969,1.6869e-15,8.9329e-15,2.7295e-06,0.00033648,4.9473e-10,2.2757e-05,1.2786e-16,8.7263e-06,0.0090902,3.202e-08,8.0476e-10,2.1433e-08,3.6185e-07,2.0903e-15,0.37509,9.7621e-08,2.1239e-09,5.4703e-11,3.0983e-10,3.8754e-05,0.0016206,0,3.211e-10,1.076e-08,4.4848e-10,2.275e-10
0.0056519,6.2163e-08,2.916e-10,4.3667e-08,0.0048705,1.5275e-08,8.3073e-05,1.6547e-05,2.1581e-08,2.055e-09,1.0017e-07,0.42285,0.00065243,3.2244e-12,0.0029375,4.0252e-08,7.035e-09,3.9903e-05,0.00039818,7.8677e-11,6.4671e-12,7.6174e-09,5.1492e-11,5.2066e-11,2.8782e-06,7.0953e-08,0.00023881,3.5495e-09,2.0521e-08,1.0363e-08,6.7526e-05,4.733e-07,1.187e-12,3.709e-10,2.4099e-12,2.6335e-08,8.2239e-08,4.8794e-09,1.7986e-06,1.5009e-07,1.388e-11,1.7395e-06,1.3036e-12,0.0022702,1.107e-11,1.1347e-06,1.8287e-07,0.010406,1.4747e-13,6.6698e-06,0.3044,8.825e-07,0.0010594,0.041,2.8598e-08,2.1531e-05,9.3158e-05,3.4259e-12,1.1422e-08,2.9125e-09,2.848e-08,3.7826e-11,6.1996e-08,1.807e-11,2.4814e-10,2.0156e-10,1.2975e-11,5.9354e-08,3.3316e-08,0.0037485,1.257e-06,2.1284e-08,6.0436e-06,1.6686e-12,4.0453e-09,1.2183e-06,0.00010142,7.4043e-05,1.1598e-08,5.5079e-10,3.9389e-07,3.1647e-07,0.0058892,0.0020473,9.3179e-08,3.4453e-12,1.9087e-10,0,0.0030534,0.073571,0.11443
0.17665,3.5681e-08,1.0611e-12,4.4407e-06,0.023558,2.059e-06,0.012598,0.002599,1.5229e-08,5.5175e-09,4.1888e-07,0.0035528,0.068357,4.4969e-10,0.51637,5.2694e-06,3.7792e-09,0.0042611,0.070354,1.0961e-09,1.1218e-10,8.2453e-07,2.0813e-09,4.4452e-10,0.00012412,1.1944e-05,0.0015964,2.7926e-07,2.9258e-06,1.504e-06,0.0087049,3.6106e-05,2.687e-11,1.2418e-10,5.5066e-11,8.9886e-10,1.5047e-07,7.5501e-07,6.2367e-05,1.7844e-05,4.9136e-10,5.5844e-05,1.3197e-12,0.0044353,1.3566e-11,2.5141e-07,3.233e-05,0.00025223,4.4526e-12,0.000873,0.0013005,0.00011175,2.0724e-05,0.0056979,2.3411e-09,0.0037171,0.014404,6.8167e-11,1.5014e-06,3.1861e-07,3.4475e-08,1.2288e-13,2.1023e-07,3.1684e-10,8.0107e-10,2.8605e-11,1.4165e-13,1.045e-05,4.8455e-08,0.020616,0.00013509,1.3998e-09,0.00053775,3.5802e-11,3.7779e-07,3.9958e-05,0.013749,0.010552,2.4573e-09,1.5338e-08,5.2441e-05,1.5046e-05,0.0027094,0.010433,5.3276e-08,3.8246e-10,4.7439e-09,0.0022646,0,0.013218,0.0058852
0.022185,1.8782e-08,5.8764e-11,4.2782e-07,0.048425,1.4149e-07,0.00042088,8.6936e-05,7.5457e-08,1.0493e-09,6.7442e-08,0.089073,0.0055444,1.5082e-11,0.017254,3.7457e-07,1.9773e-09,0.0001549,0.0025896,8.068e-11,7.1354e-12,7.4395e-08,9.4915e-11,4.1508e-11,2.8725e-05,5.6898e-07,0.0021006,3.5571e-08,1.8585e-07,9.3453e-08,0.0002997,4.7207e-06,1.4764e-12,8.9029e-10,3.0493e-12,2.4399e-08,4.1086e-07,4.2699e-08,1.7696e-05,1.4232e-06,2.3266e-11,1.7009e-05,4.1464e-12,0.018219,3.995e-11,2.7696e-06,1.3006e-06,0.011282,2.1035e-13,2.9524e-05,0.059575,3.7763e-06,0.00088323,0.20878,4.0939e-08,0.00012957,0.00048079,4.0324e-12,1.068e-07,2.848e-08,1.213e-07,4.8633e-12,3.7084e-07,2.0402e-11,1.3097e-10,3.3395e-10,5.8011e-12,4.3544e-07,1.4112e-08,0.037098,4.7452e-06,2.7296e-08,2.0376e-05,2.0245e-12,4.0217e-08,1.1907e-05,0.00085602,0.00035521,2.4879e-08,8.411e-10,3.597e-06,3.1525e-06,0.033723,0.019403,2.8383e-08,1.2866e-11,2.6986e-10,0.074476,0.01804,0,0.32841
0.0092987,1.3718e-08,1.1969e-10,2.0697e-07,0.025746,6.4684e-08,0.00017006,3.5103e-05,8.5534e-08,6.2996e-10,3.776e-08,0.10339,0.0023549,6.0918e-12,0.0069691,1.7157e-07,1.4776e-09,6.3433e-05,0.0010504,3.9635e-11,3.4212e-12,3.591e-08,4.1554e-11,2.1658e-11,1.5601e-05,2.4271e-07,0.0013942,1.8453e-08,8.3657e-08,4.2002e-08,0.00012171,2.369e-06,6.8638e-13,1.1467e-09,1.4162e-12,4.1565e-08,3.9785e-07,1.8905e-08,1.0049e-05,6.6078e-07,1.0314e-11,9.7932e-06,4.7368e-12,0.013268,4.376e-11,3.6471e-06,5.3902e-07,0.020434,9.4543e-14,1.1964e-05,0.10649,1.5306e-06,0.0016176,0.23256,6.2659e-08,5.2487e-05,0.00019422,1.9029e-12,4.9194e-08,1.3792e-08,1.264e-07,9.3944e-12,3.259e-07,9.7653e-12,7.7286e-11,4.8261e-10,1.1091e-11,1.8174e-07,9.0903e-09,0.020111,1.938e-06,4.2977e-08,8.4215e-06,9.4704e-13,2.0118e-08,6.8652e-06,0.00036574,0.00014375,3.3637e-08,3.8241e-10,1.6197e-06,1.7313e-06,0.032226,0.011598,2.0689e-08,5.2146e-12,1.2417e-10,0.10508,0.0072861,0.2979,0
