INDRA,PROV,CIRCUNS,CIRC,PROVINCIA,CIRCUNSCRI,CIRCUITO,APR_1,AL_1,TURNT_1,ELEC_1,VOTPOS_1,AL99CIRC,APR99CIR,TURN99CR,EAST,NORTH,INDRANO,APR99PC,AL99PC,TURN99PC
010010001,01,001,0001,Ciudad Autónoma de Bs.As.,Vélez Sarsfield,0001,1514.00,5602.00,11150.00,13297.00,10685.00,0.52,0.14,0.84,9505.50,8547.08,10010001,0.141694,0.524286,0.838535
010010002,01,001,0002,Ciudad Autónoma de Bs.As.,Vélez Sarsfield,0002,564.00,2375.00,4382.00,5315.00,4172.00,0.57,0.14,0.82,8708.50,9486.83,10010002,0.135187,0.569271,0.824459
010010003,01,001,0003,Ciudad Autónoma de Bs.As.,Vélez Sarsfield,0003,831.00,3985.00,7325.00,8603.00,6692.00,0.60,0.12,0.85,8615.00,10343.58,10010003,0.124178,0.595487,0.851447
010010004,01,001,0004,Ciudad Autónoma de Bs.As.,Vélez Sarsfield,0004,1963.00,7452.00,13778.00,16625.00,13229.00,0.56,0.15,0.83,7493.00,9894.08,10010004,0.148386,0.563308,0.828752
010010005,01,001,0005,Ciudad Autónoma de Bs.As.,Vélez Sarsfield,0005,994.00,4192.00,7724.00,9300.00,7335.00,0.57,0.14,0.83,7100.75,9436.08,10010005,0.135515,0.571506,0.830538
010010006,01,001,0006,Ciudad Autónoma de Bs.As.,Vélez Sarsfield,0006,1425.00,5617.00,10633.00,12696.00,10157.00,0.55,0.14,0.84,7037.00,8990.33,10010006,0.140297,0.553018,0.837508
010010007,01,001,0007,Ciudad Autónoma de Bs.As.,Vélez Sarsfield,0007,2090.00,7725.00,16177.00,19414.00,15436.00,0.50,0.14,0.83,8459.50,7454.58,10010007,0.135398,0.500453,0.833265
010210008,01,021,0008,Ciudad Autónoma de Bs.As.,San Vicente de Paúl,0008,7146.00,25872.00,55477.00,65902.00,53242.00,0.49,0.13,0.84,7241.25,6915.58,10210008,0.134217,0.485932,0.841811
010210009,01,021,0009,Ciudad Autónoma de Bs.As.,San Vicente de Paúl,0009,5636.00,20591.00,40256.00,47540.00,38460.00,0.54,0.15,0.85,4492.50,7811.08,10210009,0.146542,0.535387,0.846782
010220010,01,022,0010,Ciudad Autónoma de Bs.As.,Villa Lugano,0010,11552.00,39935.00,102522.00,123658.00,97936.00,0.41,0.12,0.83,8869.75,4164.83,10220010,0.117955,0.407766,0.829077
010230011,01,023,0011,Ciudad Autónoma de Bs.As.,Cristo Obrero,0011,2747.00,10847.00,23632.00,28932.00,22489.00,0.48,0.12,0.82,11654.00,8759.08,10230011,0.122149,0.482325,0.816812
010230012,01,023,0012,Ciudad Autónoma de Bs.As.,Cristo Obrero,0012,3295.00,11978.00,25165.00,30432.00,23798.00,0.50,0.14,0.83,12933.75,9288.58,10230012,0.138457,0.503320,0.826926
010230013,01,023,0013,Ciudad Autónoma de Bs.As.,Cristo Obrero,0013,3042.00,11957.00,27386.00,33994.00,26278.00,0.46,0.12,0.81,12191.50,7679.83,10230013,0.115762,0.455019,0.805613
010020014,01,002,0014,Ciudad Autónoma de Bs.As.,San Cristóbal Sud,0014,1386.00,5986.00,12836.00,15542.00,12290.00,0.49,0.11,0.83,15425.25,8126.58,10020014,0.112775,0.487063,0.825891
010020015,01,002,0015,Ciudad Autónoma de Bs.As.,San Cristóbal Sud,0015,479.00,1862.00,6267.00,8448.00,5962.00,0.31,0.08,0.74,15957.50,7414.33,10020015,0.080342,0.312311,0.741832
010020016,01,002,0016,Ciudad Autónoma de Bs.As.,San Cristóbal Sud,0016,533.00,2326.00,4733.00,5917.00,4556.00,0.51,0.12,0.80,15866.75,9170.08,10020016,0.116989,0.510536,0.799899
010020017,01,002,0017,Ciudad Autónoma de Bs.As.,San Cristóbal Sud,0017,638.00,2276.00,4845.00,5737.00,4645.00,0.49,0.14,0.84,14557.00,8703.58,10020017,0.137352,0.489989,0.844518
010020018,01,002,0018,Ciudad Autónoma de Bs.As.,San Cristóbal Sud,0018,760.00,3431.00,6758.00,8330.00,6492.00,0.53,0.12,0.81,14513.75,9607.58,10020018,0.117067,0.528497,0.811285
010020019,01,002,0019,Ciudad Autónoma de Bs.As.,San Cristóbal Sud,0019,1072.00,4592.00,8912.00,10777.00,8556.00,0.54,0.13,0.83,15050.75,9888.58,10020019,0.125292,0.536699,0.826946
010020020,01,002,0020,Ciudad Autónoma de Bs.As.,San Cristóbal Sud,0020,741.00,2885.00,6018.00,7883.00,5766.00,0.50,0.13,0.76,15773.75,9845.83,10020020,0.128512,0.500347,0.763415
010030021,01,003,0021,Ciudad Autónoma de Bs.As.,Santa Lucía,0021,957.00,3977.00,8136.00,10668.00,7839.00,0.51,0.12,0.76,17118.75,9843.08,10030021,0.122082,0.507335,0.762655
010030022,01,003,0022,Ciudad Autónoma de Bs.As.,Santa Lucía,0022,310.00,1523.00,3068.00,4654.00,2962.00,0.51,0.10,0.66,16793.75,9384.08,10030022,0.104659,0.514180,0.659218
010030023,01,003,0023,Ciudad Autónoma de Bs.As.,Santa Lucía,0023,642.00,2891.00,5646.00,6809.00,5382.00,0.54,0.12,0.83,17193.50,7628.33,10030023,0.119287,0.537161,0.829197
010030024,01,003,0024,Ciudad Autónoma de Bs.As.,Santa Lucía,0024,473.00,2126.00,4492.00,5742.00,4300.00,0.49,0.11,0.78,18252.00,8123.33,10030024,0.110000,0.494419,0.782306
010030025,01,003,0025,Ciudad Autónoma de Bs.As.,Santa Lucía,0025,1135.00,3964.00,7891.00,9742.00,7479.00,0.53,0.15,0.81,18086.75,8773.83,10030025,0.151758,0.530017,0.809998
010030026,01,003,0026,Ciudad Autónoma de Bs.As.,Santa Lucía,0026,1328.00,4936.00,10452.00,13535.00,9964.00,0.50,0.13,0.77,18527.50,10012.08,10030026,0.133280,0.495383,0.772220
010030027,01,003,0027,Ciudad Autónoma de Bs.As.,Santa Lucía,0027,1381.00,5273.00,9524.00,11246.00,9090.00,0.58,0.15,0.85,18337.75,9243.58,10030027,0.151925,0.580088,0.846879
010040028,01,004,0028,Ciudad Autónoma de Bs.As.,San Juan Evangelista,0028,713.00,2444.00,4664.00,5636.00,4465.00,0.55,0.16,0.83,18484.25,8800.83,10040028,0.159686,0.547368,0.827537
010040029,01,004,0029,Ciudad Autónoma de Bs.As.,San Juan Evangelista,0029,424.00,1747.00,3400.00,4144.00,3246.00,0.54,0.13,0.82,18472.25,8097.33,10040029,0.130622,0.538201,0.820463
010040030,01,004,0030,Ciudad Autónoma de Bs.As.,San Juan Evangelista,0030,433.00,1533.00,3730.00,4721.00,3573.00,0.43,0.12,0.79,19570.25,8175.33,10040030,0.121187,0.429051,0.790087
010040031,01,004,0031,Ciudad Autónoma de Bs.As.,San Juan Evangelista,0031,1094.00,4813.00,10765.00,13481.00,10289.00,0.47,0.11,0.80,19328.25,8759.58,10040031,0.106327,0.467781,0.798531
010040032,01,004,0032,Ciudad Autónoma de Bs.As.,San Juan Evangelista,0032,639.00,2930.00,6647.00,8475.00,6352.00,0.46,0.10,0.78,19479.00,9296.33,10040032,0.100598,0.461272,0.784307
010040033,01,004,0033,Ciudad Autónoma de Bs.As.,San Juan Evangelista,0033,1044.00,4051.00,8207.00,9815.00,7838.00,0.52,0.13,0.84,19402.00,9878.08,10040033,0.133197,0.516841,0.836169
010050034,01,005,0034,Ciudad Autónoma de Bs.As.,Flores,0034,1124.00,4120.00,8039.00,9704.00,7708.00,0.53,0.15,0.83,9916.00,8564.08,10050034,0.145823,0.534510,0.828421
010050035,01,005,0035,Ciudad Autónoma de Bs.As.,Flores,0035,1060.00,4276.00,7790.00,9644.00,7497.00,0.57,0.14,0.81,9666.75,9698.58,10050035,0.141390,0.570361,0.807756
010050036,01,005,0036,Ciudad Autónoma de Bs.As.,Flores,0036,977.00,4826.00,8329.00,10492.00,7921.00,0.61,0.12,0.79,9590.75,10322.83,10050036,0.123343,0.609267,0.793843
010050037,01,005,0037,Ciudad Autónoma de Bs.As.,Flores,0037,570.00,2612.00,4501.00,5619.00,4326.00,0.60,0.13,0.80,9387.75,10713.33,10050037,0.131761,0.603791,0.801032
010050038,01,005,0038,Ciudad Autónoma de Bs.As.,Flores,0038,890.00,3389.00,6395.00,7589.00,6131.00,0.55,0.15,0.84,9809.50,10949.58,10050038,0.145164,0.552765,0.842667
010050039,01,005,0039,Ciudad Autónoma de Bs.As.,Flores,0039,1693.00,6461.00,11335.00,13822.00,10824.00,0.60,0.16,0.82,10242.25,10421.83,10050039,0.156412,0.596914,0.820069
010050040,01,005,0040,Ciudad Autónoma de Bs.As.,Flores,0040,1693.00,5457.00,10348.00,12581.00,9881.00,0.55,0.17,0.82,10503.00,10071.83,10050040,0.171339,0.552272,0.822510
010050041,01,005,0041,Ciudad Autónoma de Bs.As.,Flores,0041,1107.00,3813.00,7056.00,8429.00,6760.00,0.56,0.16,0.84,10845.75,9153.83,10050041,0.163757,0.564053,0.837110
010050042,01,005,0042,Ciudad Autónoma de Bs.As.,Flores,0042,897.00,2710.00,5248.00,6409.00,5000.00,0.54,0.18,0.82,11379.75,9468.58,10050042,0.179400,0.542000,0.818848
010050043,01,005,0043,Ciudad Autónoma de Bs.As.,Flores,0043,1438.00,4691.00,8535.00,10204.00,8116.00,0.58,0.18,0.84,10720.25,9996.08,10050043,0.177181,0.577994,0.836437
010050044,01,005,0044,Ciudad Autónoma de Bs.As.,Flores,0044,791.00,2833.00,5042.00,6165.00,4855.00,0.58,0.16,0.82,10490.50,10589.83,10050044,0.162925,0.583522,0.817843
010050045,01,005,0045,Ciudad Autónoma de Bs.As.,Flores,0045,962.00,3390.00,6163.00,7420.00,5938.00,0.57,0.16,0.83,10191.50,11303.83,10050045,0.162007,0.570899,0.830593
010050046,01,005,0046,Ciudad Autónoma de Bs.As.,Flores,0046,1251.00,4715.00,8835.00,10643.00,8375.00,0.56,0.15,0.83,11409.75,11936.08,10050046,0.149373,0.562985,0.830123
010050047,01,005,0047,Ciudad Autónoma de Bs.As.,Flores,0047,762.00,2573.00,4657.00,5542.00,4452.00,0.58,0.17,0.84,11331.25,11273.58,10050047,0.171159,0.577942,0.840310
010050048,01,005,0048,Ciudad Autónoma de Bs.As.,Flores,0048,1989.00,5977.00,11076.00,13215.00,10504.00,0.57,0.19,0.84,11169.50,10394.58,10050048,0.189356,0.569021,0.838138
010050049,01,005,0049,Ciudad Autónoma de Bs.As.,Flores,0049,590.00,1997.00,3730.00,4298.00,3539.00,0.56,0.17,0.87,11843.00,9397.58,10050049,0.166714,0.564284,0.867846
010060050,01,006,0050,Ciudad Autónoma de Bs.As.,San Carlos Sud,0050,1277.00,4531.00,8532.00,9990.00,8147.00,0.56,0.16,0.85,11939.00,10123.83,10060050,0.156745,0.556156,0.854054
010060051,01,006,0051,Ciudad Autónoma de Bs.As.,San Carlos Sud,0051,1491.00,4881.00,9267.00,11095.00,8761.00,0.56,0.17,0.84,13179.75,10415.08,10060051,0.170186,0.557128,0.835241
010060052,01,006,0052,Ciudad Autónoma de Bs.As.,San Carlos Sud,0052,656.00,2649.00,5590.00,6679.00,5341.00,0.50,0.12,0.84,13821.75,9946.08,10060052,0.122823,0.495975,0.836952
010060053,01,006,0053,Ciudad Autónoma de Bs.As.,San Carlos Sud,0053,677.00,2366.00,4702.00,6016.00,4486.00,0.53,0.15,0.78,14078.50,9915.08,10060053,0.150914,0.527419,0.781582
010060054,01,006,0054,Ciudad Autónoma de Bs.As.,San Carlos Sud,0054,936.00,3660.00,7165.00,8678.00,6842.00,0.53,0.14,0.83,14167.50,10845.83,10060054,0.136802,0.534931,0.825651
010060055,01,006,0055,Ciudad Autónoma de Bs.As.,San Carlos Sud,0055,1093.00,3588.00,6891.00,8457.00,6572.00,0.55,0.17,0.81,13307.00,10835.58,10060055,0.166312,0.545953,0.814828
010060056,01,006,0056,Ciudad Autónoma de Bs.As.,San Carlos Sud,0056,4016.00,11640.00,21149.00,25236.00,20238.00,0.58,0.20,0.84,13047.75,11484.33,10060056,0.198439,0.575156,0.838049
010060057,01,006,0057,Ciudad Autónoma de Bs.As.,San Carlos Sud,0057,2156.00,6797.00,12569.00,15144.00,11980.00,0.57,0.18,0.83,12390.75,10725.83,10060057,0.179967,0.567362,0.829966
010060058,01,006,0058,Ciudad Autónoma de Bs.As.,San Carlos Sud,0058,1638.00,6037.00,11206.00,13717.00,10695.00,0.56,0.15,0.82,13864.75,11743.08,10060058,0.153156,0.564469,0.816942
010070059,01,007,0059,Ciudad Autónoma de Bs.As.,San Carlos Norte,0059,1922.00,7033.00,13088.00,16278.00,12507.00,0.56,0.15,0.80,13134.25,11876.83,10070059,0.153674,0.562325,0.804030
010070060,01,007,0060,Ciudad Autónoma de Bs.As.,San Carlos Norte,0060,1944.00,5977.00,11283.00,14012.00,10797.00,0.55,0.18,0.81,12915.00,11529.08,10070060,0.180050,0.553580,0.805238
010070061,01,007,0061,Ciudad Autónoma de Bs.As.,San Carlos Norte,0061,2276.00,8044.00,14352.00,17451.00,13737.00,0.59,0.17,0.82,12208.25,11313.08,10070061,0.165684,0.585572,0.822417
010070062,01,007,0062,Ciudad Autónoma de Bs.As.,San Carlos Norte,0062,1456.00,6138.00,10637.00,12804.00,10209.00,0.60,0.14,0.83,11939.25,11767.58,10070062,0.142619,0.601234,0.830756
010070063,01,007,0063,Ciudad Autónoma de Bs.As.,San Carlos Norte,0063,1119.00,4565.00,8377.00,9834.00,7717.00,0.59,0.15,0.85,12397.00,12724.08,10070063,0.145005,0.591551,0.851841
010070064,01,007,0064,Ciudad Autónoma de Bs.As.,San Carlos Norte,0064,1399.00,7135.00,12083.00,14825.00,11632.00,0.61,0.12,0.82,13293.50,12763.83,10070064,0.120272,0.613394,0.815042
010070065,01,007,0065,Ciudad Autónoma de Bs.As.,San Carlos Norte,0065,1069.00,4948.00,8447.00,10517.00,8139.00,0.61,0.13,0.80,13850.50,12684.08,10070065,0.131343,0.607937,0.803176
010070066,01,007,0066,Ciudad Autónoma de Bs.As.,San Carlos Norte,0066,1080.00,4781.00,8486.00,10454.00,8132.00,0.59,0.13,0.81,13669.25,13466.83,10070066,0.132809,0.587924,0.811747
010070067,01,007,0067,Ciudad Autónoma de Bs.As.,San Carlos Norte,0067,760.00,3693.00,6389.00,7997.00,6164.00,0.60,0.12,0.80,12950.25,13020.33,10070067,0.123297,0.599124,0.798925
010080068,01,008,0068,Ciudad Autónoma de Bs.As.,San Cristóbal Norte,0068,206.00,1063.00,1972.00,2492.00,1914.00,0.56,0.11,0.79,14406.00,10167.83,10080068,0.107628,0.555381,0.791332
010080069,01,008,0069,Ciudad Autónoma de Bs.As.,San Cristóbal Norte,0069,261.00,1168.00,2274.00,2790.00,2178.00,0.54,0.12,0.82,14722.50,10258.08,10080069,0.119835,0.536272,0.815054
010080070,01,008,0070,Ciudad Autónoma de Bs.As.,San Cristóbal Norte,0070,361.00,1140.00,2391.00,2921.00,2272.00,0.50,0.16,0.82,14927.50,10430.58,10080070,0.158891,0.501761,0.818555
010080071,01,008,0071,Ciudad Autónoma de Bs.As.,San Cristóbal Norte,0071,372.00,1531.00,3077.00,3750.00,2962.00,0.52,0.13,0.82,15460.75,10353.08,10080071,0.125591,0.516880,0.820533
010080072,01,008,0072,Ciudad Autónoma de Bs.As.,San Cristóbal Norte,0072,274.00,685.00,1624.00,2020.00,1544.00,0.44,0.18,0.80,15733.75,10550.83,10080072,0.177461,0.443653,0.803960
010080073,01,008,0073,Ciudad Autónoma de Bs.As.,San Cristóbal Norte,0073,200.00,766.00,1566.00,1964.00,1503.00,0.51,0.13,0.80,16032.25,10441.33,10080073,0.133067,0.509647,0.797352
010080074,01,008,0074,Ciudad Autónoma de Bs.As.,San Cristóbal Norte,0074,256.00,1162.00,2198.00,2717.00,2090.00,0.56,0.12,0.81,16227.00,10391.83,10080074,0.122488,0.555981,0.808980
010080075,01,008,0075,Ciudad Autónoma de Bs.As.,San Cristóbal Norte,0075,446.00,1797.00,3704.00,4684.00,3546.00,0.51,0.13,0.79,16530.25,10490.83,10080075,0.125776,0.506768,0.790777
010080076,01,008,0076,Ciudad Autónoma de Bs.As.,San Cristóbal Norte,0076,698.00,2455.00,4988.00,6304.00,4784.00,0.51,0.15,0.79,16388.50,11128.08,10080076,0.145903,0.513169,0.791244
010080077,01,008,0077,Ciudad Autónoma de Bs.As.,San Cristóbal Norte,0077,397.00,1443.00,2860.00,3578.00,2726.00,0.53,0.15,0.80,15980.50,11101.33,10080077,0.145635,0.529347,0.799329
010080078,01,008,0078,Ciudad Autónoma de Bs.As.,San Cristóbal Norte,0078,343.00,1330.00,2636.00,3259.00,2527.00,0.53,0.14,0.81,15974.50,10716.83,10080078,0.135734,0.526316,0.808837
010080079,01,008,0079,Ciudad Autónoma de Bs.As.,San Cristóbal Norte,0079,410.00,1685.00,3379.00,4163.00,3232.00,0.52,0.13,0.81,15664.50,10964.58,10080079,0.126856,0.521349,0.811674
010080080,01,008,0080,Ciudad Autónoma de Bs.As.,San Cristóbal Norte,0080,327.00,1210.00,2631.00,3329.00,2487.00,0.49,0.13,0.79,15291.75,11056.08,10080080,0.131484,0.486530,0.790327
010080081,01,008,0081,Ciudad Autónoma de Bs.As.,San Cristóbal Norte,0081,348.00,910.00,2048.00,2540.00,1937.00,0.47,0.18,0.81,15111.00,10847.83,10080081,0.179659,0.469799,0.806299
010080082,01,008,0082,Ciudad Autónoma de Bs.As.,San Cristóbal Norte,0082,262.00,1008.00,1990.00,2400.00,1906.00,0.53,0.14,0.83,14768.50,10606.83,10080082,0.137461,0.528856,0.829167
010080083,01,008,0083,Ciudad Autónoma de Bs.As.,San Cristóbal Norte,0083,295.00,1218.00,2507.00,3034.00,2414.00,0.50,0.12,0.83,14446.25,10456.33,10080083,0.122204,0.504557,0.826302
010090084,01,009,0084,Ciudad Autónoma de Bs.As.,Balvanera Oeste,0084,723.00,2312.00,4871.00,5904.00,4685.00,0.49,0.15,0.83,14540.50,10954.58,10090084,0.154322,0.493490,0.825034
010090085,01,009,0085,Ciudad Autónoma de Bs.As.,Balvanera Oeste,0085,722.00,2557.00,5569.00,7409.00,5346.00,0.48,0.14,0.75,14989.50,11559.83,10090085,0.135054,0.478302,0.751653
010090086,01,009,0086,Ciudad Autónoma de Bs.As.,Balvanera Oeste,0086,855.00,3435.00,6630.00,8490.00,6341.00,0.54,0.13,0.78,14841.50,11741.08,10090086,0.134837,0.541713,0.780919
010090087,01,009,0087,Ciudad Autónoma de Bs.As.,Balvanera Oeste,0087,1018.00,3985.00,7613.00,9593.00,7255.00,0.55,0.14,0.79,14394.50,11705.33,10090087,0.140317,0.549276,0.793599
010090088,01,009,0088,Ciudad Autónoma de Bs.As.,Balvanera Oeste,0088,720.00,3183.00,5859.00,7476.00,5603.00,0.57,0.13,0.78,14353.50,12598.33,10090088,0.128503,0.568089,0.783708
010090089,01,009,0089,Ciudad Autónoma de Bs.As.,Balvanera Oeste,0089,268.00,1142.00,2264.00,3090.00,2166.00,0.53,0.12,0.73,15013.50,12441.08,10090089,0.123730,0.527239,0.732686
010090090,01,009,0090,Ciudad Autónoma de Bs.As.,Balvanera Oeste,0090,745.00,3364.00,6083.00,8331.00,5831.00,0.58,0.13,0.73,15168.50,12565.08,10090090,0.127765,0.576916,0.730164
010090091,01,009,0091,Ciudad Autónoma de Bs.As.,Balvanera Oeste,0091,922.00,3770.00,7303.00,9317.00,6947.00,0.54,0.13,0.78,14250.50,12663.08,10090091,0.132719,0.542680,0.783836
010090092,01,009,0092,Ciudad Autónoma de Bs.As.,Balvanera Oeste,0092,552.00,1953.00,3883.00,4919.00,3708.00,0.53,0.15,0.79,14574.50,13260.08,10090092,0.148867,0.526699,0.789388
010090093,01,009,0093,Ciudad Autónoma de Bs.As.,Balvanera Oeste,0093,1187.00,4709.00,8728.00,11441.00,8386.00,0.56,0.14,0.76,15002.50,13237.33,10090093,0.141545,0.561531,0.762870
010100094,01,010,0094,Ciudad Autónoma de Bs.As.,Balvanera Sud,0094,342.00,1317.00,2669.00,3288.00,2556.00,0.52,0.13,0.81,15636.50,11366.08,10100094,0.133803,0.515258,0.811740
010100095,01,010,0095,Ciudad Autónoma de Bs.As.,Balvanera Sud,0095,527.00,2082.00,4193.00,5316.00,3856.00,0.54,0.14,0.79,16106.75,11451.83,10100095,0.136670,0.539938,0.788751
010100096,01,010,0096,Ciudad Autónoma de Bs.As.,Balvanera Sud,0096,555.00,2304.00,4456.00,5765.00,4221.00,0.55,0.13,0.77,16519.25,11606.33,10100096,0.131485,0.545842,0.772940
010100097,01,010,0097,Ciudad Autónoma de Bs.As.,Balvanera Sud,0097,554.00,2151.00,4173.00,5347.00,3994.00,0.54,0.14,0.78,15980.75,11462.58,10100097,0.138708,0.538558,0.780438
010100098,01,010,0098,Ciudad Autónoma de Bs.As.,Balvanera Sud,0098,448.00,1867.00,3693.00,4618.00,3522.00,0.53,0.13,0.80,15404.00,11544.83,10100098,0.127200,0.530097,0.799697
010100099,01,010,0099,Ciudad Autónoma de Bs.As.,Balvanera Sud,0099,631.00,2378.00,4838.00,6225.00,4637.00,0.51,0.14,0.78,15746.75,11813.33,10100099,0.136079,0.512832,0.777189
010100100,01,010,0100,Ciudad Autónoma de Bs.As.,Balvanera Sud,0100,455.00,1837.00,3595.00,4632.00,3467.00,0.53,0.13,0.78,15801.75,11946.58,10100100,0.131237,0.529853,0.776123
010100101,01,010,0101,Ciudad Autónoma de Bs.As.,Balvanera Sud,0101,628.00,2342.00,4674.00,6172.00,4502.00,0.52,0.14,0.76,16379.00,11984.58,10100101,0.139494,0.520213,0.757291
010110102,01,011,0102,Ciudad Autónoma de Bs.As.,Balvanera Norte,0102,898.00,3124.00,6007.00,8152.00,5787.00,0.54,0.16,0.74,16236.50,12235.33,10110102,0.155175,0.539831,0.736874
010110103,01,011,0103,Ciudad Autónoma de Bs.As.,Balvanera Norte,0103,857.00,3537.00,6314.00,8267.00,6114.00,0.58,0.14,0.76,15953.50,12648.33,10110103,0.140170,0.578508,0.763760
010110104,01,011,0104,Ciudad Autónoma de Bs.As.,Balvanera Norte,0104,768.00,3649.00,6544.00,8813.00,6254.00,0.58,0.12,0.74,15311.50,12669.33,10110104,0.122801,0.583467,0.742539
010110105,01,011,0105,Ciudad Autónoma de Bs.As.,Balvanera Norte,0105,751.00,3370.00,5701.00,7617.00,5508.00,0.61,0.14,0.75,15515.25,12804.33,10110105,0.136347,0.611837,0.748457
010110106,01,011,0106,Ciudad Autónoma de Bs.As.,Balvanera Norte,0106,735.00,3308.00,5916.00,8115.00,5647.00,0.59,0.13,0.73,15939.50,12782.08,10110106,0.130158,0.585798,0.729020
010110107,01,011,0107,Ciudad Autónoma de Bs.As.,Balvanera Norte,0107,908.00,2398.00,5010.00,6604.00,4804.00,0.50,0.19,0.76,16091.50,13198.08,10110107,0.189009,0.499167,0.758631
010120108,01,012,0108,Ciudad Autónoma de Bs.As.,Concepción,0108,376.00,1466.00,3276.00,4423.00,3104.00,0.47,0.12,0.74,16928.25,10245.33,10120108,0.121134,0.472294,0.740674
010120109,01,012,0109,Ciudad Autónoma de Bs.As.,Concepción,0109,373.00,1429.00,2919.00,3747.00,2814.00,0.51,0.13,0.78,17181.75,10730.08,10120109,0.132552,0.507818,0.779023
010120110,01,012,0110,Ciudad Autónoma de Bs.As.,Concepción,0110,379.00,1535.00,3027.00,3947.00,2926.00,0.52,0.13,0.77,17779.00,10524.08,10120110,0.129528,0.524607,0.766912
010120111,01,012,0111,Ciudad Autónoma de Bs.As.,Concepción,0111,308.00,1212.00,2354.00,3183.00,2249.00,0.54,0.14,0.74,17311.00,10667.33,10120111,0.136950,0.538906,0.739554
010120112,01,012,0112,Ciudad Autónoma de Bs.As.,Concepción,0112,540.00,2316.00,4474.00,5732.00,4284.00,0.54,0.13,0.78,18114.50,10542.83,10120112,0.126050,0.540616,0.780530
010120113,01,012,0113,Ciudad Autónoma de Bs.As.,Concepción,0113,183.00,919.00,1848.00,2456.00,1769.00,0.52,0.10,0.75,18868.75,10583.83,10120113,0.103448,0.519503,0.752443
010120114,01,012,0114,Ciudad Autónoma de Bs.As.,Concepción,0114,260.00,976.00,1999.00,2854.00,1899.00,0.51,0.14,0.70,18519.50,11175.83,10120114,0.136914,0.513955,0.700420
010120115,01,012,0115,Ciudad Autónoma de Bs.As.,Concepción,0115,616.00,2657.00,5316.00,6783.00,5109.00,0.52,0.12,0.78,18351.25,11208.83,10120115,0.120572,0.520063,0.783724
010120116,01,012,0116,Ciudad Autónoma de Bs.As.,Concepción,0116,437.00,2028.00,4185.00,5588.00,4044.00,0.50,0.11,0.75,17833.00,11060.33,10120116,0.108061,0.501484,0.748926
010120117,01,012,0117,Ciudad Autónoma de Bs.As.,Concepción,0117,705.00,3211.00,6506.00,8040.00,5959.00,0.54,0.12,0.81,16709.50,11022.33,10120117,0.118308,0.538849,0.809204
010130118,01,013,0118,Ciudad Autónoma de Bs.As.,Monserrat,0118,671.00,2500.00,4940.00,6214.00,4706.00,0.53,0.14,0.79,16773.25,11282.33,10130118,0.142584,0.531237,0.794979
010130119,01,013,0119,Ciudad Autónoma de Bs.As.,Monserrat,0119,654.00,2475.00,5093.00,6698.00,4862.00,0.51,0.13,0.76,17178.50,11472.33,10130119,0.134513,0.509050,0.760376
010130120,01,013,0120,Ciudad Autónoma de Bs.As.,Monserrat,0120,349.00,1156.00,2615.00,3881.00,2525.00,0.46,0.14,0.67,17442.75,11301.58,10130120,0.138218,0.457822,0.673795
010130121,01,013,0121,Ciudad Autónoma de Bs.As.,Monserrat,0121,502.00,2140.00,4569.00,6257.00,4375.00,0.49,0.11,0.73,17947.75,11767.83,10130121,0.114743,0.489143,0.730222
010130122,01,013,0122,Ciudad Autónoma de Bs.As.,Monserrat,0122,449.00,1674.00,3694.00,4999.00,3519.00,0.48,0.13,0.74,18208.25,11718.83,10130122,0.127593,0.475703,0.738948
010130123,01,013,0123,Ciudad Autónoma de Bs.As.,Monserrat,0123,191.00,447.00,1244.00,1600.00,1202.00,0.37,0.16,0.78,18761.50,11425.08,10130123,0.158902,0.371880,0.777500
010130124,01,013,0124,Ciudad Autónoma de Bs.As.,Monserrat,0124,134.00,169.00,582.00,770.00,551.00,0.31,0.24,0.76,18551.75,11957.58,10130124,0.243194,0.306715,0.755844
010130125,01,013,0125,Ciudad Autónoma de Bs.As.,Monserrat,0125,272.00,663.00,1760.00,2257.00,1626.00,0.41,0.17,0.78,18202.56,11975.58,10130125,0.167282,0.407749,0.779796
010130126,01,013,0126,Ciudad Autónoma de Bs.As.,Monserrat,0126,335.00,766.00,1797.00,2537.00,1703.00,0.45,0.20,0.71,18011.50,12025.58,10130126,0.196712,0.449794,0.708317
010130127,01,013,0127,Ciudad Autónoma de Bs.As.,Monserrat,0127,341.00,945.00,2013.00,2884.00,1909.00,0.50,0.18,0.70,17428.00,11798.33,10130127,0.178628,0.495024,0.697989
010130128,01,013,0128,Ciudad Autónoma de Bs.As.,Monserrat,0128,686.00,2250.00,4813.00,6482.00,4597.00,0.49,0.15,0.74,17163.75,12038.58,10130128,0.149228,0.489450,0.742518
010130129,01,013,0129,Ciudad Autónoma de Bs.As.,Monserrat,0129,982.00,2521.00,6631.00,8461.00,6379.00,0.40,0.15,0.78,16920.50,11955.83,10130129,0.153943,0.395203,0.783714
010140130,01,014,0130,Ciudad Autónoma de Bs.As.,San Nicolás,0130,1080.00,3733.00,7705.00,10651.00,7393.00,0.50,0.15,0.72,16824.00,12673.58,10140130,0.146084,0.504937,0.723406
010140131,01,014,0131,Ciudad Autónoma de Bs.As.,San Nicolás,0131,754.00,2296.00,5218.00,7282.00,4983.00,0.46,0.15,0.72,17282.25,12434.33,10140131,0.151314,0.460767,0.716561
010140132,01,014,0132,Ciudad Autónoma de Bs.As.,San Nicolás,0132,439.00,803.00,1981.00,2860.00,1884.00,0.43,0.23,0.69,17778.00,12514.33,10140132,0.233015,0.426221,0.692657
010140133,01,014,0133,Ciudad Autónoma de Bs.As.,San Nicolás,0133,249.00,281.00,821.00,1139.00,782.00,0.36,0.32,0.72,18566.00,12854.58,10140133,0.318414,0.359335,0.720808
010140134,01,014,0134,Ciudad Autónoma de Bs.As.,San Nicolás,0134,836.00,1188.00,3151.00,4770.00,2975.00,0.40,0.28,0.66,18237.75,13077.08,10140134,0.281008,0.399328,0.660587
010140135,01,014,0135,Ciudad Autónoma de Bs.As.,San Nicolás,0135,792.00,1637.00,3826.00,5543.00,3643.00,0.45,0.22,0.69,17911.00,13253.33,10140135,0.217403,0.449355,0.690240
010140136,01,014,0136,Ciudad Autónoma de Bs.As.,San Nicolás,0136,532.00,1020.00,2541.00,3632.00,2412.00,0.42,0.22,0.70,17128.75,13079.33,10140136,0.220564,0.422886,0.699615
010140137,01,014,0137,Ciudad Autónoma de Bs.As.,San Nicolás,0137,1678.00,4427.00,9750.00,12649.00,9040.00,0.49,0.19,0.77,16732.75,12804.83,10140137,0.185619,0.489712,0.770812
010250138,01,025,0138,Ciudad Autónoma de Bs.As.,San Luis Gonzaga,0138,6104.00,21445.00,39771.00,47262.00,37989.00,0.56,0.16,0.84,6014.75,11588.58,10250138,0.160678,0.564506,0.841501
010240139,01,024,0139,Ciudad Autónoma de Bs.As.,Versalles,0139,3778.00,14559.00,28091.00,33629.00,26668.00,0.55,0.14,0.84,7014.25,10935.83,10240139,0.141668,0.545935,0.835321
010240140,01,024,0140,Ciudad Autónoma de Bs.As.,Versalles,0140,6340.00,23118.00,45418.00,53552.00,43280.00,0.53,0.15,0.85,6471.75,10253.58,10240140,0.146488,0.534150,0.848110
010250141,01,025,0141,Ciudad Autónoma de Bs.As.,San Luis Gonzaga,0141,3267.00,8861.00,17331.00,20514.00,16548.00,0.54,0.20,0.84,5001.50,13197.33,10250141,0.197426,0.535473,0.844838
010250142,01,025,0142,Ciudad Autónoma de Bs.As.,San Luis Gonzaga,0142,3977.00,11184.00,21147.00,25092.00,20206.00,0.55,0.20,0.84,6357.75,13571.83,10250142,0.196823,0.553499,0.842779
010260143,01,026,0143,Ciudad Autónoma de Bs.As.,San José,0143,3367.00,11535.00,21438.00,25506.00,20487.00,0.56,0.16,0.84,7747.50,14516.33,10260143,0.164348,0.563040,0.840508
010150144,01,015,0144,Ciudad Autónoma de Bs.As.,San Bernardo,0144,2540.00,9524.00,18499.00,22340.00,17732.00,0.54,0.14,0.83,8763.50,14307.33,10150144,0.143244,0.537108,0.828066
010150145,01,015,0145,Ciudad Autónoma de Bs.As.,San Bernardo,0145,2445.00,7605.00,14768.00,18036.00,14042.00,0.54,0.17,0.82,9788.00,15200.83,10150145,0.174120,0.541590,0.818807
010150146,01,015,0146,Ciudad Autónoma de Bs.As.,San Bernardo,0146,1042.00,4372.00,8425.00,10195.00,8094.00,0.54,0.13,0.83,10708.75,13733.08,10150146,0.128737,0.540153,0.826385
010150147,01,015,0147,Ciudad Autónoma de Bs.As.,San Bernardo,0147,2612.00,13792.00,23087.00,28935.00,22148.00,0.62,0.12,0.80,11786.50,13134.08,10150147,0.117934,0.622720,0.797892
010150148,01,015,0148,Ciudad Autónoma de Bs.As.,San Bernardo,0148,2059.00,9180.00,16371.00,20275.00,15605.00,0.59,0.13,0.81,11063.00,12901.08,10150148,0.131945,0.588273,0.807448
010260149,01,026,0149,Ciudad Autónoma de Bs.As.,San José,0149,3349.00,14390.00,27437.00,33957.00,25995.00,0.55,0.13,0.81,9978.25,13073.58,10260149,0.128832,0.553568,0.807992
010260150,01,026,0150,Ciudad Autónoma de Bs.As.,San José,0150,4080.00,16395.00,30466.00,37104.00,29180.00,0.56,0.14,0.82,8272.00,11479.08,10260150,0.139822,0.561857,0.821097
010270151,01,027,0151,Ciudad Autónoma de Bs.As.,Nuestra Señora del Carmen,0151,3854.00,13803.00,26398.00,31499.00,25337.00,0.54,0.15,0.84,5971.00,16397.84,10270151,0.152110,0.544776,0.838058
010270152,01,027,0152,Ciudad Autónoma de Bs.As.,Nuestra Señora del Carmen,0152,1683.00,5946.00,11589.00,13580.00,11124.00,0.53,0.15,0.85,7559.25,15316.08,10270152,0.151294,0.534520,0.853387
010270153,01,027,0153,Ciudad Autónoma de Bs.As.,Nuestra Señora del Carmen,0153,2915.00,8753.00,16632.00,19393.00,15664.00,0.56,0.19,0.86,7895.50,15782.33,10270153,0.186096,0.558797,0.857629
010270154,01,027,0154,Ciudad Autónoma de Bs.As.,Nuestra Señora del Carmen,0154,1815.00,5632.00,11377.00,13521.00,10946.00,0.51,0.17,0.84,7160.50,16659.09,10270154,0.165814,0.514526,0.841432
010280155,01,028,0155,Ciudad Autónoma de Bs.As.,Saavedra,0155,2431.00,8891.00,17653.00,20786.00,16560.00,0.54,0.15,0.85,7805.25,17534.09,10280155,0.146800,0.536896,0.849274
010280156,01,028,0156,Ciudad Autónoma de Bs.As.,Saavedra,0156,1721.00,5596.00,10896.00,13221.00,10422.00,0.54,0.17,0.82,9086.00,16234.58,10280156,0.165131,0.536941,0.824143
010280157,01,028,0157,Ciudad Autónoma de Bs.As.,Saavedra,0157,2179.00,4439.00,8869.00,10777.00,8415.00,0.53,0.26,0.82,9443.23,16845.84,10280157,0.258942,0.527510,0.822956
010280158,01,028,0158,Ciudad Autónoma de Bs.As.,Saavedra,0158,2956.00,9002.00,18358.00,21665.00,17646.00,0.51,0.17,0.85,8457.50,17794.34,10280158,0.167517,0.510144,0.847357
010280159,01,028,0159,Ciudad Autónoma de Bs.As.,Saavedra,0159,2959.00,9282.00,18069.00,21041.00,16926.00,0.55,0.17,0.86,9072.50,18112.09,10280159,0.174820,0.548387,0.858752
010280160,01,028,0160,Ciudad Autónoma de Bs.As.,Saavedra,0160,4296.00,8631.00,17090.00,20807.00,16286.00,0.53,0.26,0.82,9921.00,17448.59,10280160,0.263785,0.529964,0.821358
010160161,01,016,0161,Ciudad Autónoma de Bs.As.,Belgrano,0161,5397.00,12017.00,23473.00,29038.00,22426.00,0.54,0.24,0.81,10566.75,17175.84,10160161,0.240658,0.535851,0.808355
010160162,01,016,0162,Ciudad Autónoma de Bs.As.,Belgrano,0162,5324.00,14656.00,27669.00,33946.00,26550.00,0.55,0.20,0.82,9255.75,19549.84,10160162,0.200527,0.552015,0.815089
010160163,01,016,0163,Ciudad Autónoma de Bs.As.,Belgrano,0163,4419.00,7628.00,15944.00,19435.00,15254.00,0.50,0.29,0.82,11239.75,17487.84,10160163,0.289695,0.500066,0.820376
010160164,01,016,0164,Ciudad Autónoma de Bs.As.,Belgrano,0164,3342.00,8181.00,16079.00,19873.00,15405.00,0.53,0.22,0.81,10136.75,18677.34,10160164,0.216943,0.531061,0.809088
010160165,01,016,0165,Ciudad Autónoma de Bs.As.,Belgrano,0165,2687.00,4755.00,10713.00,13636.00,10234.00,0.46,0.26,0.79,11608.25,19622.84,10160165,0.262556,0.464628,0.785641
010170166,01,017,0166,Ciudad Autónoma de Bs.As.,Palermo,0166,7371.00,9712.00,21815.00,26787.00,20790.00,0.47,0.35,0.81,11494.25,16854.84,10170166,0.354545,0.467148,0.814388
010170167,01,017,0167,Ciudad Autónoma de Bs.As.,Palermo,0167,3439.00,6736.00,13159.00,16361.00,12612.00,0.53,0.27,0.80,10782.00,16183.58,10170167,0.272677,0.534095,0.804291
010170168,01,017,0168,Ciudad Autónoma de Bs.As.,Palermo,0168,1650.00,2965.00,6284.00,7688.00,6021.00,0.49,0.27,0.82,9713.50,16348.83,10170168,0.274041,0.492443,0.817378
010170169,01,017,0169,Ciudad Autónoma de Bs.As.,Palermo,0169,1287.00,4274.00,8389.00,10230.00,8037.00,0.53,0.16,0.82,10568.75,15646.08,10170169,0.160134,0.531790,0.820039
010170170,01,017,0170,Ciudad Autónoma de Bs.As.,Palermo,0170,2270.00,5589.00,10641.00,13062.00,10185.00,0.55,0.22,0.81,11514.50,16566.84,10170170,0.222877,0.548748,0.814653
010170171,01,017,0171,Ciudad Autónoma de Bs.As.,Palermo,0171,4366.00,5677.00,13166.00,16231.00,12528.00,0.45,0.35,0.81,11957.50,17520.09,10170171,0.348499,0.453145,0.811164
010170172,01,017,0172,Ciudad Autónoma de Bs.As.,Palermo,0172,2640.00,4201.00,9905.00,12525.00,9403.00,0.45,0.28,0.79,12747.50,16680.34,10170172,0.280761,0.446772,0.790818
010170173,01,017,0173,Ciudad Autónoma de Bs.As.,Palermo,0173,2297.00,5662.00,11464.00,14213.00,10969.00,0.52,0.21,0.81,11965.50,16321.08,10170173,0.209408,0.516182,0.806586
010170174,01,017,0174,Ciudad Autónoma de Bs.As.,Palermo,0174,1344.00,4947.00,9950.00,12487.00,9445.00,0.52,0.14,0.80,11585.75,14518.33,10170174,0.142298,0.523769,0.796829
010170175,01,017,0175,Ciudad Autónoma de Bs.As.,Palermo,0175,868.00,3292.00,6780.00,8389.00,6499.00,0.51,0.13,0.81,12017.75,14977.58,10170175,0.133559,0.506539,0.808201
010170176,01,017,0176,Ciudad Autónoma de Bs.As.,Palermo,0176,976.00,3241.00,6533.00,8112.00,6228.00,0.52,0.16,0.81,12727.00,15204.08,10170176,0.156712,0.520392,0.805350
010170177,01,017,0177,Ciudad Autónoma de Bs.As.,Palermo,0177,1965.00,5026.00,10051.00,12527.00,9561.00,0.53,0.21,0.80,12497.50,15903.08,10170177,0.205522,0.525677,0.802347
010180178,01,018,0178,Ciudad Autónoma de Bs.As.,Las Heras,0178,2118.00,1525.00,4952.00,6317.00,4756.00,0.32,0.45,0.78,15514.75,15365.58,10180178,0.445332,0.320648,0.783916
010180179,01,018,0179,Ciudad Autónoma de Bs.As.,Las Heras,0179,1484.00,2430.00,5437.00,7059.00,5199.00,0.47,0.29,0.77,14349.25,15494.58,10180179,0.285440,0.467398,0.770222
010180180,01,018,0180,Ciudad Autónoma de Bs.As.,Las Heras,0180,5261.00,7361.00,16330.00,19877.00,15318.00,0.48,0.34,0.82,15156.50,15456.83,10180180,0.343452,0.480546,0.821553
010180181,01,018,0181,Ciudad Autónoma de Bs.As.,Las Heras,0181,3777.00,6418.00,13590.00,16999.00,12904.00,0.50,0.29,0.80,14741.75,15028.58,10180181,0.292700,0.497365,0.799459
010180182,01,018,0182,Ciudad Autónoma de Bs.As.,Las Heras,0182,4414.00,12437.00,22745.00,28296.00,21774.00,0.57,0.20,0.80,14360.75,14180.58,10180182,0.202719,0.571186,0.803824
010180183,01,018,0183,Ciudad Autónoma de Bs.As.,Las Heras,0183,2800.00,7866.00,15425.00,19249.00,14433.00,0.55,0.19,0.80,13500.50,15284.33,10180183,0.194000,0.545001,0.801340
010180184,01,018,0184,Ciudad Autónoma de Bs.As.,Las Heras,0184,712.00,2474.00,4977.00,6399.00,4733.00,0.52,0.15,0.78,13020.50,14919.08,10180184,0.150433,0.522713,0.777778
010180185,01,018,0185,Ciudad Autónoma de Bs.As.,Las Heras,0185,935.00,3434.00,6395.00,7904.00,6095.00,0.56,0.15,0.81,13844.50,13643.08,10180185,0.153404,0.563413,0.809084
010180186,01,018,0186,Ciudad Autónoma de Bs.As.,Las Heras,0186,778.00,2795.00,5397.00,6691.00,5125.00,0.55,0.15,0.81,13559.00,14513.08,10180186,0.151805,0.545366,0.806606
010180187,01,018,0187,Ciudad Autónoma de Bs.As.,Las Heras,0187,1001.00,3920.00,7410.00,9429.00,7079.00,0.55,0.14,0.79,12914.00,13713.83,10180187,0.141404,0.553751,0.785873
010180188,01,018,0188,Ciudad Autónoma de Bs.As.,Las Heras,0188,532.00,2026.00,4039.00,5208.00,3837.00,0.53,0.14,0.78,12712.00,14239.83,10180188,0.138650,0.528017,0.775538
010180189,01,018,0189,Ciudad Autónoma de Bs.As.,Las Heras,0189,749.00,3614.00,6722.00,8315.00,6149.00,0.59,0.12,0.81,12308.50,13828.08,10180189,0.121808,0.587738,0.808419
010180190,01,018,0190,Ciudad Autónoma de Bs.As.,Las Heras,0190,1300.00,6097.00,10156.00,12955.00,9782.00,0.62,0.13,0.78,12206.50,13490.58,10180190,0.132897,0.623288,0.783944
010190191,01,019,0191,Ciudad Autónoma de Bs.As.,Pilar,0191,1140.00,3404.00,6441.00,8015.00,6143.00,0.55,0.19,0.80,14321.50,13548.33,10190191,0.185577,0.554127,0.803618
010190192,01,019,0192,Ciudad Autónoma de Bs.As.,Pilar,0192,2987.00,6909.00,13094.00,16579.00,12554.00,0.55,0.24,0.79,15017.00,14336.83,10190192,0.237932,0.550343,0.789794
010190193,01,019,0193,Ciudad Autónoma de Bs.As.,Pilar,0193,3209.00,6383.00,12808.00,15460.00,11999.00,0.53,0.27,0.83,15128.50,14503.33,10190193,0.267439,0.531961,0.828461
010190194,01,019,0194,Ciudad Autónoma de Bs.As.,Pilar,0194,3151.00,3376.00,8375.00,10843.00,8016.00,0.42,0.39,0.77,15351.25,15121.33,10190194,0.393089,0.421158,0.772388
010190195,01,019,0195,Ciudad Autónoma de Bs.As.,Pilar,0195,2711.00,3191.00,7816.00,9906.00,7481.00,0.43,0.36,0.79,16047.50,14506.58,10190195,0.362385,0.426547,0.789017
010190196,01,019,0196,Ciudad Autónoma de Bs.As.,Pilar,0196,4860.00,8663.00,17884.00,22740.00,17112.00,0.51,0.28,0.79,15552.75,14630.58,10190196,0.284011,0.506253,0.786456
010190197,01,019,0197,Ciudad Autónoma de Bs.As.,Pilar,0197,3213.00,8530.00,16317.00,20687.00,15607.00,0.55,0.21,0.79,15230.50,14106.58,10190197,0.205869,0.546550,0.788756
010190198,01,019,0198,Ciudad Autónoma de Bs.As.,Pilar,0198,2566.00,5442.00,10644.00,13888.00,10171.00,0.54,0.25,0.77,15809.00,13562.33,10190198,0.252286,0.535051,0.766417
010190199,01,019,0199,Ciudad Autónoma de Bs.As.,Pilar,0199,2469.00,3852.00,8812.00,11674.00,8336.00,0.46,0.30,0.75,16010.25,13813.58,10190199,0.296185,0.462092,0.754840
010190200,01,019,0200,Ciudad Autónoma de Bs.As.,Pilar,0200,3445.00,3886.00,9596.00,12435.00,9185.00,0.42,0.38,0.77,15963.50,14012.58,10190200,0.375068,0.423081,0.771693
010190201,01,019,0201,Ciudad Autónoma de Bs.As.,Pilar,0201,4693.00,3934.00,11070.00,14344.00,10580.00,0.37,0.44,0.77,16226.25,14561.58,10190201,0.443573,0.371834,0.771751
010200202,01,020,0202,Ciudad Autónoma de Bs.As.,Socorro,0202,2416.00,1778.00,5639.00,7235.00,5408.00,0.33,0.45,0.78,17257.25,14408.33,10200202,0.446746,0.328772,0.779406
010200203,01,020,0203,Ciudad Autónoma de Bs.As.,Socorro,0203,4547.00,2787.00,9272.00,12069.00,8873.00,0.31,0.51,0.77,17113.75,14327.33,10200203,0.512454,0.314099,0.768249
010200204,01,020,0204,Ciudad Autónoma de Bs.As.,Socorro,0204,3781.00,2607.00,8438.00,10705.00,8036.00,0.32,0.47,0.79,16707.50,13993.58,10200204,0.470508,0.324415,0.788230
010200205,01,020,0205,Ciudad Autónoma de Bs.As.,Socorro,0205,2498.00,2947.00,7759.00,10008.00,7153.00,0.41,0.35,0.78,16852.00,13602.33,10200205,0.349224,0.411995,0.775280
010200206,01,020,0206,Ciudad Autónoma de Bs.As.,Socorro,0206,2482.00,3169.00,7521.00,9948.00,7193.00,0.44,0.35,0.76,17431.00,13773.08,10200206,0.345058,0.440567,0.756031
010200207,01,020,0207,Ciudad Autónoma de Bs.As.,Socorro,0207,1720.00,2241.00,5664.00,7995.00,5426.00,0.41,0.32,0.71,17764.75,13783.08,10200207,0.316992,0.413011,0.708443
010200208,01,020,0208,Ciudad Autónoma de Bs.As.,Socorro,0208,2697.00,2256.00,8144.00,11065.00,7804.00,0.29,0.35,0.74,17154.00,15195.58,10200208,0.345592,0.289083,0.736014
010200209,01,020,0209,Ciudad Autónoma de Bs.As.,Socorro,0209,374.00,649.00,1592.00,2388.00,1530.00,0.42,0.24,0.67,18453.50,13592.08,10200209,0.244444,0.424183,0.666667
